rating,film,date
10,Pather Panchali (La canción del camino) (1955),"15 de agosto de 2021, 10:29"
10,Sacrificio (1986),"17 de mayo de 2018, 10:00"
10,Persona (1966),"13 de abril de 2018, 09:10"
9,La ascensión (1977),"5 de mayo de 2022, 22:34"
9,Aparajito (El invencible) (1956),"15 de agosto de 2021, 21:06"
9,La quimera del oro (1925),"15 de agosto de 2021, 21:03"
9,An Elephant Sitting Still (2018),"7 de septiembre de 2020, 08:20"
9,Ran (1985),"6 de julio de 2020, 09:33"
9,Rashomon (1950),"28 de mayo de 2020, 16:10"
9,El espejo (1975),"3 de mayo de 2020, 17:50"
9,Marketa Lazarová (1967),"1 de mayo de 2020, 22:37"
9,Luces de la ciudad (1931),"19 de enero de 2020, 18:16"
9,"Tiempo de vivir, tiempo de morir (1985)","25 de diciembre de 2019, 13:13"
9,Andrei Rublev (1966),"21 de noviembre de 2019, 19:59"
9,Ordet (La palabra) (1955),"27 de agosto de 2019, 23:51"
9,Apur Sansar (El mundo de Apu) (1959),"22 de agosto de 2019, 19:13"
9,Diario de un cura rural (1951),"19 de agosto de 2019, 19:50"
9,Cuentos de la luna pálida (1953),"18 de agosto de 2019, 14:43"
9,El intendente Sansho (1954),"17 de agosto de 2019, 19:02"
9,Solaris (1972),"9 de abril de 2019, 23:48"
9,Sin sol (Sans soleil) (1983),"14 de septiembre de 2018, 10:32"
9,La mujer de la arena (1964),"24 de agosto de 2018, 11:13"
9,Harakiri (1962),"5 de agosto de 2018, 03:50"
9,Al azar de Baltasar (1966),"11 de septiembre de 2015, 13:33"
9,Fresas salvajes (1957),"11 de septiembre de 2015, 13:33"
9,Mouchette (1967),"17 de febrero de 2015, 19:00"
9,Viridiana (1961),"14 de febrero de 2015, 10:32"
9,El espíritu de la colmena (1973),"18 de septiembre de 2012, 14:47"
9,Inland Empire (2006),"21 de mayo de 2011, 12:12"
9,Carretera perdida (1997),"4 de abril de 2011, 00:34"
9,Un condenado a muerte se ha escapado (1956),"19 de septiembre de 2010, 02:10"
8,Adelheid (1970),"26 de junio de 2022, 16:19"
8,Largo viaje hacia la noche (2018),"1 de mayo de 2022, 23:58"
8,Annie Hall (1977),"28 de agosto de 2021, 20:10"
8,La carreta fantasma (1921),"15 de agosto de 2021, 21:04"
8,Dies irae (1943),"15 de agosto de 2021, 20:56"
8,Diamantes de la noche (1964),"15 de agosto de 2021, 20:41"
8,Naturaleza muerta (2006),"30 de agosto de 2020, 19:18"
8,El gatopardo (1963),"9 de agosto de 2020, 15:59"
8,Behemoth (2015),"31 de julio de 2020, 09:42"
8,Barbarroja (1965),"6 de julio de 2020, 09:33"
8,Los siete samuráis (1954),"5 de julio de 2020, 23:55"
8,Paisaje en la niebla (1988),"24 de mayo de 2020, 22:11"
8,Nostalgia (1983),"3 de mayo de 2020, 22:12"
8,Yojimbo (El mercenario) (1961),"3 de mayo de 2020, 18:14"
8,El paso suspendido de la cigüeña (1991),"13 de enero de 2020, 16:25"
8,Juegos prohibidos (1952),"13 de diciembre de 2019, 15:58"
8,Vivir (Ikiru) (1952),"5 de diciembre de 2019, 21:46"
8,Una mujer bajo la influencia (1974),"3 de noviembre de 2019, 18:46"
8,Trono de sangre (1957),"19 de mayo de 2019, 11:51"
8,El Sur (1983),"4 de abril de 2019, 20:05"
8,El séptimo sello (1957),"31 de marzo de 2019, 18:38"
8,Amanecer (1927),"10 de febrero de 2019, 21:17"
8,Umberto D. (1952),"9 de agosto de 2018, 22:04"
8,Rebelión (1967),"3 de agosto de 2018, 21:08"
8,La gran ilusión (1937),"16 de julio de 2018, 17:28"
8,El acorazado Potemkin (1925),"16 de julio de 2018, 17:25"
8,La pianista (2001),"16 de julio de 2018, 17:25"
8,El muelle (La Jetée) (1962),"16 de julio de 2018, 16:18"
8,"Fellini, ocho y medio (8½) (1963)","16 de julio de 2018, 15:13"
8,Stalker (1979),"16 de julio de 2018, 15:13"
8,Fanny y Alexander (1982),"16 de julio de 2018, 15:11"
8,La regla del juego (1939),"16 de julio de 2018, 15:11"
8,"M, el vampiro de Düsseldorf (1931)","16 de julio de 2018, 15:11"
8,Onibaba (1964),"27 de abril de 2018, 08:25"
8,El apartamento (1960),"11 de septiembre de 2015, 14:00"
8,Ciudadano Kane (1941),"15 de febrero de 2015, 21:12"
8,Tiempos modernos (1936),"15 de febrero de 2015, 21:11"
8,Nosferatu (1922),"15 de febrero de 2015, 21:11"
8,El maquinista de La General (1926),"15 de febrero de 2015, 21:08"
8,¿Teléfono rojo? Volamos hacia Moscú (1964),"14 de febrero de 2015, 13:17"
8,Vértigo (De entre los muertos) (1958),"14 de febrero de 2015, 10:34"
8,La evasión (1960),"10 de febrero de 2014, 22:53"
8,El padrino (1972),"2 de febrero de 2014, 16:31"
8,La parada de los monstruos (1932),"2 de febrero de 2014, 16:29"
8,Senderos de gloria (1957),"31 de enero de 2014, 16:42"
8,El padrino. Parte II (1974),"31 de enero de 2014, 16:32"
8,La infancia de Iván (1962),"13 de enero de 2013, 11:14"
8,Los olvidados (1950),"12 de enero de 2013, 09:28"
8,El verdugo (1963),"18 de septiembre de 2012, 12:22"
8,Metrópolis (1927),"15 de septiembre de 2012, 05:25"
8,El ángel exterminador (1962),"10 de septiembre de 2012, 18:11"
8,Sed de mal (1958),"11 de agosto de 2012, 01:50"
8,El salario del miedo (1953),"17 de febrero de 2012, 18:38"
8,Nazarín (1959),"16 de octubre de 2011, 13:33"
8,La hora del lobo (1968),"29 de agosto de 2011, 19:45"
8,El sueño de un hombre ridículo (1992),"4 de mayo de 2011, 15:26"
8,Un hombre sin pasado (2002),"29 de abril de 2011, 17:45"
8,Simón del desierto (1965),"24 de abril de 2011, 23:18"
8,Masacre. Ven y mira (1985),"22 de abril de 2011, 23:22"
8,"Paris, Texas (1984)","22 de abril de 2011, 23:14"
8,Pickpocket (1959),"24 de marzo de 2011, 18:16"
8,Cabeza borradora (1977),"22 de marzo de 2011, 16:17"
8,El extraño viaje (1964),"26 de febrero de 2011, 14:29"
8,Calle Mayor (1956),"15 de febrero de 2011, 16:48"
8,Manhattan (1979),"23 de enero de 2011, 13:58"
8,Los Soprano (1999),"14 de enero de 2011, 18:39"
8,La ventana indiscreta (1954),"14 de enero de 2011, 18:39"
8,El esqueleto de la señora Morales (1960),"2 de enero de 2011, 22:34"
8,Ocho sentencias de muerte (1949),"31 de diciembre de 2010, 17:55"
8,Con faldas y a lo loco (1959),"31 de octubre de 2010, 12:17"
8,El crepúsculo de los dioses (1950),"16 de octubre de 2010, 20:18"
8,Con la muerte en los talones (1959),"12 de septiembre de 2010, 01:18"
8,Ladrón de bicicletas (1948),"29 de agosto de 2010, 22:05"
8,El gran dictador (1940),"29 de agosto de 2010, 16:16"
7,"Synecdoche, New York (2008)","26 de junio de 2022, 23:01"
7,Kaili Blues (2015),"19 de septiembre de 2021, 22:35"
7,L'Atalante (1934),"21 de agosto de 2021, 00:13"
7,Cuentos de Tokio (1953),"21 de agosto de 2021, 00:12"
7,La pasión de Juana de Arco (1928),"21 de agosto de 2021, 00:11"
7,"Alien, el octavo pasajero (1979)","15 de agosto de 2021, 20:51"
7,Arrebato (1979),"15 de agosto de 2021, 20:51"
7,Tierra y libertad (1995),"15 de agosto de 2021, 10:21"
7,Mulholland Drive (2001),"19 de septiembre de 2020, 09:35"
7,The Wire (Bajo escucha) (2002),"15 de septiembre de 2020, 22:59"
7,Apocalypse Now (1979),"14 de agosto de 2020, 23:10"
7,La condena (1988),"9 de agosto de 2020, 21:40"
7,Amarcord (1973),"1 de agosto de 2020, 20:04"
7,Las noches de Cabiria (1957),"1 de agosto de 2020, 19:56"
7,My Way Home (1978),"19 de julio de 2020, 18:52"
7,My Ain Folk (1973),"19 de julio de 2020, 18:51"
7,Mi amor (2006),"19 de julio de 2020, 11:20"
7,El infierno del odio (1963),"12 de julio de 2020, 22:22"
7,My Childhood (1972),"5 de julio de 2020, 23:54"
7,Female Trouble (Cosas de hembras) (1974),"4 de julio de 2020, 22:25"
7,Twin Peaks (1990),"4 de julio de 2020, 22:11"
7,Twin Peaks - Episodio piloto (1990),"4 de julio de 2020, 22:11"
7,Celebración (1998),"4 de julio de 2020, 22:11"
7,Los idiotas (1998),"4 de julio de 2020, 22:11"
7,Cuando pasan las cigüeñas (1957),"20 de junio de 2020, 19:30"
7,Olive Kitteridge (2014),"28 de mayo de 2020, 16:11"
7,Vivir su vida (1962),"26 de abril de 2020, 19:47"
7,Final feliz (1967),"19 de abril de 2020, 21:42"
7,La trampa del diablo (1962),"16 de abril de 2020, 23:15"
7,Malas tierras (1973),"3 de abril de 2020, 20:25"
7,Gritos y susurros (1972),"5 de enero de 2020, 23:13"
7,El buscavidas (1961),"5 de enero de 2020, 23:12"
7,Las diabólicas (1955),"5 de enero de 2020, 23:10"
7,Ellos no envejecerán (2018),"5 de enero de 2020, 22:35"
7,Ciudad doliente (A City of Sadness) (1989),"4 de enero de 2020, 02:06"
7,Sombras (1959),"16 de diciembre de 2019, 15:17"
7,Cuando una mujer sube la escalera (1960),"13 de diciembre de 2019, 16:00"
7,"Roma, ciudad abierta (1945)","5 de diciembre de 2019, 22:44"
7,Playtime (1967),"20 de octubre de 2019, 20:16"
7,Pink Flamingos (1972),"20 de octubre de 2019, 14:53"
7,Iván el Terrible. Parte II (La conjura de los boyardos) (1958),"17 de octubre de 2019, 20:53"
7,Iván el Terrible. Parte I (1944),"17 de octubre de 2019, 20:52"
7,La maison en petits cubes (2008),"5 de septiembre de 2019, 13:42"
7,La huelga (1925),"28 de agosto de 2019, 20:05"
7,Amor (2012),"4 de abril de 2019, 20:29"
7,Roma (2018),"8 de marzo de 2019, 19:56"
7,Blade Runner (1982),"10 de febrero de 2019, 14:58"
7,Buenos días (1959),"29 de noviembre de 2018, 14:51"
7,El moderno Sherlock Holmes (1924),"5 de agosto de 2018, 13:29"
7,Una noche en la ópera (1935),"5 de agosto de 2018, 13:29"
7,Siete ocasiones (1925),"5 de agosto de 2018, 13:26"
7,El circo (1928),"5 de agosto de 2018, 13:22"
7,Zelig (1983),"5 de agosto de 2018, 04:10"
7,Deseando amar (2000),"5 de agosto de 2018, 04:08"
7,Chungking Express (1994),"5 de agosto de 2018, 04:08"
7,Ser y tener (2002),"16 de julio de 2018, 15:58"
7,El gabinete del doctor Caligari (1920),"16 de julio de 2018, 15:49"
7,Tener y no tener (1944),"16 de julio de 2018, 15:35"
7,Arsénico por compasión (1944),"16 de julio de 2018, 15:35"
7,La fiera de mi niña (1938),"16 de julio de 2018, 15:35"
7,Eva al desnudo (1950),"16 de julio de 2018, 15:34"
7,Qué bello es vivir (1946),"16 de julio de 2018, 15:34"
7,Perdición (1944),"16 de julio de 2018, 15:34"
7,"Bienvenido, Míster Marshall (1953)","16 de julio de 2018, 15:32"
7,Mi tío (1958),"16 de julio de 2018, 15:32"
7,Los cuatrocientos golpes (1959),"16 de julio de 2018, 15:31"
7,El hombre que mató a Liberty Valance (1962),"16 de julio de 2018, 15:30"
7,No amarás (1988),"16 de julio de 2018, 15:29"
7,Shoah (1985),"16 de julio de 2018, 15:29"
7,Taxi Driver (1976),"16 de julio de 2018, 15:29"
7,Dersu Uzala (El cazador) (1975),"16 de julio de 2018, 15:28"
7,Delitos y faltas (1989),"16 de julio de 2018, 15:27"
7,Pulp Fiction (1994),"16 de julio de 2018, 15:26"
7,Nubes pasajeras (1996),"16 de julio de 2018, 15:25"
7,Fargo (1996),"27 de abril de 2018, 08:27"
7,El chico (1921),"13 de abril de 2018, 15:39"
7,El gran Lebowski (1998),"13 de abril de 2018, 15:37"
7,"Saló, o los 120 días de Sodoma (1975)","13 de abril de 2018, 15:17"
7,Ariel (1988),"15 de febrero de 2015, 21:18"
7,Cautivos del mal (1952),"31 de enero de 2014, 16:48"
7,Casablanca (1942),"31 de enero de 2014, 16:45"
7,La felicidad (1935),"31 de enero de 2014, 16:45"
7,Rebeca (1940),"31 de enero de 2014, 16:45"
7,La jungla de asfalto (1950),"31 de enero de 2014, 16:44"
7,Recuerda (1945),"31 de enero de 2014, 16:43"
7,La reina de África (1951),"31 de enero de 2014, 16:43"
7,La ley del silencio (1954),"31 de enero de 2014, 16:42"
7,Accattone (1961),"31 de enero de 2014, 16:41"
7,La huella (1972),"31 de enero de 2014, 16:40"
7,La chaqueta metálica (1987),"31 de enero de 2014, 16:39"
7,La naranja mecánica (1971),"31 de enero de 2014, 16:38"
7,Los pájaros (1963),"31 de enero de 2014, 16:37"
7,La leyenda del indomable (1967),"31 de enero de 2014, 16:37"
7,El padrino. Parte III (1990),"31 de enero de 2014, 16:37"
7,Doce hombres sin piedad (1957),"13 de diciembre de 2013, 03:30"
7,El último (1924),"24 de septiembre de 2012, 10:04"
7,Trust (Confía en mí) (1990),"19 de agosto de 2012, 12:49"
7,Tom y Jerry (1940),"24 de julio de 2011, 01:10"
7,Los santos inocentes (1984),"15 de julio de 2011, 12:07"
7,A propósito de Niza (1930),"1 de junio de 2011, 11:36"
7,Mujeres de la noche (1948),"18 de mayo de 2011, 14:55"
7,El viejo y el mar (1999),"4 de mayo de 2011, 15:26"
7,La vaca (1989),"4 de mayo de 2011, 15:25"
7,La chica de la fábrica de cerillas (1990),"30 de abril de 2011, 18:22"
7,Sombras en el paraíso (1986),"29 de abril de 2011, 19:36"
7,El día de los tramposos (1970),"24 de abril de 2011, 23:27"
7,El hombre elefante (1980),"3 de abril de 2011, 15:18"
7,Padre e hija (2000),"26 de marzo de 2011, 20:23"
7,Funny Games (1997),"26 de marzo de 2011, 00:07"
7,Viaje a la Luna (1902),"13 de marzo de 2011, 22:03"
7,Encadenados (1946),"5 de febrero de 2011, 00:05"
7,La noche del cazador (1955),"3 de febrero de 2011, 19:02"
7,Tristana (1970),"3 de febrero de 2011, 17:42"
7,El navegante (1924),"17 de enero de 2011, 01:23"
7,Las tres edades (1923),"15 de enero de 2011, 00:51"
7,"Scarface, el terror del Hampa (1932)","11 de enero de 2011, 18:46"
7,Testigo de cargo (1957),"6 de enero de 2011, 21:08"
7,El cazador (1978),"18 de noviembre de 2010, 15:34"
7,El increíble hombre menguante (1957),"23 de octubre de 2010, 13:14"
7,La huida (1972),"23 de octubre de 2010, 13:01"
7,La soga (1948),"16 de octubre de 2010, 20:45"
7,El halcón maltés (1941),"16 de octubre de 2010, 20:45"
7,Atraco perfecto (1956),"16 de octubre de 2010, 20:40"
7,Muerte entre las flores (1990),"16 de octubre de 2010, 20:34"
7,El boxeador (1926),"19 de septiembre de 2010, 02:14"
6,La guerra de las galaxias. Episodio IV: Una nueva esperanza (1977),"10 de julio de 2022, 22:24"
6,La fortaleza escondida (1958),"10 de julio de 2022, 21:52"
6,Kids Return (1996),"10 de julio de 2022, 21:37"
6,Holubice (1960),"26 de junio de 2022, 18:28"
6,El irlandés (2019),"26 de junio de 2022, 14:18"
6,Trailer Park Boys (2001),"24 de mayo de 2022, 22:08"
6,Teresa Raquin (1953),"27 de febrero de 2022, 18:36"
6,El faro (2019),"28 de noviembre de 2021, 13:31"
6,Armadillo (2010),"21 de agosto de 2021, 00:08"
6,2001: Una odisea del espacio (1968),"15 de agosto de 2021, 20:38"
6,Le franc (1994),"15 de agosto de 2021, 10:21"
6,Hannah y sus hermanas (1986),"8 de noviembre de 2020, 21:57"
6,Freaks and Geeks (1999),"15 de septiembre de 2020, 23:01"
6,A dos metros bajo tierra (2001),"15 de septiembre de 2020, 22:58"
6,Una historia de violencia (2005),"15 de septiembre de 2020, 22:58"
6,Mad Men (2007),"15 de septiembre de 2020, 22:57"
6,Fausto (1926),"15 de septiembre de 2020, 20:54"
6,"Berlín, sinfonía de una ciudad (1927)","29 de agosto de 2020, 23:36"
6,Espartaco (1960),"10 de agosto de 2020, 22:54"
6,Él (1953),"10 de agosto de 2020, 22:54"
6,Érase una vez en América (1984),"10 de agosto de 2020, 22:37"
6,Chinatown (1974),"10 de agosto de 2020, 22:37"
6,La semilla del diablo (1968),"10 de agosto de 2020, 22:36"
6,La strada (1954),"10 de agosto de 2020, 22:36"
6,Pingu (1986),"29 de julio de 2020, 20:47"
6,La sirena (1997),"19 de julio de 2020, 11:39"
6,"Alemania, año cero (1948)","4 de julio de 2020, 22:51"
6,Ed Wood (1994),"4 de julio de 2020, 22:50"
6,Oldboy (2003),"4 de julio de 2020, 22:49"
6,Drive (2011),"4 de julio de 2020, 22:49"
6,El Havre (2011),"24 de junio de 2020, 12:47"
6,Henry: Retrato de un asesino (1986),"23 de junio de 2020, 09:41"
6,La guerra de las galaxias. Episodio V: El imperio contraataca (1980),"23 de junio de 2020, 09:41"
6,Uno de los nuestros (1990),"23 de junio de 2020, 09:41"
6,Una historia verdadera (1999),"23 de junio de 2020, 09:40"
6,Hierro 3 (2004),"23 de junio de 2020, 09:38"
6,Eduardo Manostijeras (1990),"23 de junio de 2020, 09:38"
6,Vincent (1982),"23 de junio de 2020, 09:38"
6,La noche de los muertos vivientes (1968),"7 de junio de 2020, 21:23"
6,Boardwalk Empire (2010),"28 de mayo de 2020, 16:13"
6,Un perro andaluz (1929),"25 de mayo de 2020, 14:20"
6,Tres anuncios en las afueras (2017),"17 de mayo de 2020, 10:26"
6,El gato negro (Kuroneko) (1968),"2 de mayo de 2020, 21:30"
6,Reservoir Dogs (1992),"26 de enero de 2020, 20:27"
6,Parásitos (2019),"12 de enero de 2020, 22:40"
6,Memories of Murder (Crónica de un asesino en serie) (2003),"6 de enero de 2020, 10:53"
6,Magnolia (1999),"6 de enero de 2020, 10:52"
6,Match Point (2005),"6 de enero de 2020, 10:46"
6,Desmontando a Harry (1997),"6 de enero de 2020, 10:46"
6,Primavera tardía (1949),"6 de enero de 2020, 10:45"
6,"Marnie, la ladrona (1964)","6 de enero de 2020, 10:12"
6,Her (2013),"6 de enero de 2020, 09:54"
6,No es país para viejos (2007),"6 de enero de 2020, 09:47"
6,La cabina (1972),"6 de enero de 2020, 09:39"
6,Trainspotting (1996),"6 de enero de 2020, 09:36"
6,Cartas desde Iwo Jima (2006),"6 de enero de 2020, 09:35"
6,Film socialisme (2010),"6 de enero de 2020, 09:34"
6,Un tipo serio (2009),"6 de enero de 2020, 09:22"
6,WALL•E (2008),"6 de enero de 2020, 09:15"
6,Up (2009),"6 de enero de 2020, 09:15"
6,"Cine-ojo, la vida al imprevisto (1924)","6 de enero de 2020, 00:02"
6,Black Mirror (2011),"5 de enero de 2020, 23:47"
6,Black Mirror: Tu historia completa (2011),"5 de enero de 2020, 23:47"
6,El hombre que sabía demasiado (1956),"5 de enero de 2020, 23:46"
6,39 escalones (1935),"5 de enero de 2020, 23:45"
6,La ley de la calle (1983),"5 de enero de 2020, 23:44"
6,Django desencadenado (2012),"5 de enero de 2020, 23:42"
6,Derek - Episodio piloto (2012),"5 de enero de 2020, 23:42"
6,Los vampiros (1915),"5 de enero de 2020, 23:31"
6,"Vampyr, la bruja vampiro (1932)","5 de enero de 2020, 23:28"
6,Sopa de ganso (1933),"5 de enero de 2020, 23:27"
6,El hombre de la cámara (1929),"5 de enero de 2020, 23:26"
6,A sangre fría (1967),"5 de enero de 2020, 23:25"
6,Toro salvaje (1980),"5 de enero de 2020, 23:24"
6,Ensayo de un crimen (1955),"5 de enero de 2020, 23:18"
6,Un día en las carreras (1937),"5 de enero de 2020, 22:55"
6,Frenesí (1972),"5 de enero de 2020, 22:54"
6,Pero... ¿quién mató a Harry? (1955),"5 de enero de 2020, 22:54"
6,Sospecha (1941),"5 de enero de 2020, 22:54"
6,Vacaciones en Roma (1953),"5 de enero de 2020, 22:53"
6,Rebelde sin causa (1955),"5 de enero de 2020, 22:52"
6,El héroe del río (1928),"5 de enero de 2020, 22:52"
6,Otoño tardío (Fin de otoño) (1960),"5 de enero de 2020, 22:52"
6,El quinteto de la muerte (1955),"5 de enero de 2020, 22:51"
6,Los lunes al sol (2002),"5 de enero de 2020, 22:50"
6,Tiburón (1975),"5 de enero de 2020, 22:50"
6,Dos hombres y un destino (1969),"5 de enero de 2020, 22:50"
6,Perros de paja (1971),"5 de enero de 2020, 22:50"
6,El golpe (1973),"5 de enero de 2020, 22:49"
6,Tarde de perros (1975),"5 de enero de 2020, 22:49"
6,Fitzcarraldo (1982),"5 de enero de 2020, 22:49"
6,Mystic River (2003),"5 de enero de 2020, 22:48"
6,Little Britain (2003),"5 de enero de 2020, 22:48"
6,Psicosis (1960),"5 de enero de 2020, 22:33"
6,Luces al atardecer (Las luces del suburbio) (2006),"5 de enero de 2020, 22:32"
6,Atrapado en el tiempo (1993),"5 de enero de 2020, 22:30"
6,Casino (1995),"5 de enero de 2020, 22:26"
6,¡Olvídate de mí! (2004),"5 de enero de 2020, 22:21"
6,Fargo (2014),"5 de enero de 2020, 22:21"
6,El viaje de Chihiro (2001),"5 de enero de 2020, 22:20"
6,Mr. Bean (1990),"5 de enero de 2020, 22:03"
6,La pareja basura (1991),"5 de enero de 2020, 22:03"
6,Contraté a un asesino a sueldo (1990),"5 de enero de 2020, 22:02"
6,La tumba de las luciérnagas (1988),"5 de enero de 2020, 22:01"
6,Louie (2010),"5 de enero de 2020, 21:58"
6,El árbol de la vida (2011),"5 de enero de 2020, 21:58"
6,Spider-Man: Un nuevo universo (2018),"5 de enero de 2020, 21:55"
6,El cameraman (1928),"5 de enero de 2020, 21:49"
6,Los hermanos Marx en el Oeste (1940),"5 de enero de 2020, 21:49"
6,Centauros del desierto (1956),"5 de enero de 2020, 21:40"
6,"Faster, Pussycat! Kill! Kill! (1965)","5 de enero de 2020, 21:39"
6,Lolita (1962),"5 de enero de 2020, 21:38"
6,Irma la dulce (1963),"5 de enero de 2020, 21:38"
6,71 fragmentos de una cronología del azar (1994),"5 de enero de 2020, 21:37"
6,El diablo sobre ruedas (1971),"5 de enero de 2020, 21:36"
6,Grupo salvaje (1969),"5 de enero de 2020, 21:36"
6,La extraña pareja (1968),"5 de enero de 2020, 21:36"
6,Doce del patíbulo (1967),"5 de enero de 2020, 21:35"
6,Las fabulosas aventuras del barón Munchausen (1979),"5 de enero de 2020, 17:45"
6,El viaje a la luna del Barón de Münchausen (1984),"5 de enero de 2020, 17:45"
6,Primera plana (1974),"5 de enero de 2020, 17:43"
6,"Sexo, mentiras y cintas de video (1989)","5 de enero de 2020, 17:42"
6,Secretos y mentiras (1996),"5 de enero de 2020, 17:42"
6,Derek (2013),"5 de enero de 2020, 17:40"
6,Eyes Wide Shut (1999),"5 de enero de 2020, 17:39"
6,Happy Together (1997),"5 de enero de 2020, 17:38"
6,Hana-Bi. Flores de fuego (1997),"5 de enero de 2020, 17:37"
6,Ciudad de Dios (2002),"5 de enero de 2020, 17:37"
6,Sympathy for Mr. Vengeance (2002),"5 de enero de 2020, 17:36"
6,Death Proof (2007),"5 de enero de 2020, 17:34"
6,La vida de los otros (2006),"5 de enero de 2020, 17:33"
6,Memento (2000),"5 de enero de 2020, 17:32"
6,Exit Through the Gift Shop (2010),"5 de enero de 2020, 17:27"
6,Boardwalk Empire - Episodio piloto (2010),"5 de enero de 2020, 17:25"
6,The Artist (2011),"5 de enero de 2020, 17:25"
6,El ilusionista (2010),"5 de enero de 2020, 17:23"
6,El precio del poder (1983),"5 de enero de 2020, 17:22"
6,La Víbora Negra (1983),"5 de enero de 2020, 17:22"
6,La cosa (El enigma de otro mundo) (1982),"5 de enero de 2020, 17:22"
6,La gran evasión (1963),"5 de enero de 2020, 17:22"
6,Toma el dinero y corre (1969),"5 de enero de 2020, 17:22"
6,Clerks (1994),"5 de enero de 2020, 17:20"
6,"El cocinero, el ladrón, su mujer y su amante (1989)","5 de enero de 2020, 17:16"
6,Blackadder Goes Forth (1989),"5 de enero de 2020, 17:16"
6,Misterioso asesinato en Manhattan (1993),"5 de enero de 2020, 17:16"
6,Léolo (1992),"5 de enero de 2020, 17:16"
6,Dogville (2003),"5 de enero de 2020, 17:14"
6,Pa negre (Pan negro) (2010),"5 de enero de 2020, 17:13"
6,The Jinx (El gafe) (2015),"5 de enero de 2020, 17:12"
6,Chernobyl (2019),"5 de enero de 2020, 17:12"
6,Burning (2018),"5 de enero de 2020, 17:12"
5,AlphaGo (2017),"9 de julio de 2022, 18:31"
5,Rocky (1976),"27 de junio de 2022, 22:28"
5,Que Dios nos perdone (2016),"24 de abril de 2022, 02:14"
5,Farewell Amor (2020),"20 de marzo de 2022, 16:28"
5,El timador de Tinder (2022),"20 de marzo de 2022, 16:24"
5,Mula (2018),"20 de marzo de 2022, 16:24"
5,Spider-Man: No Way Home (2021),"30 de diciembre de 2021, 22:28"
5,El juego del calamar (2021),"5 de noviembre de 2021, 19:20"
5,Érase una vez en Navidad (2019),"21 de enero de 2021, 17:27"
5,El proyecto de la bruja de Blair (1999),"2 de noviembre de 2020, 07:13"
5,Un monstruo en mi puerta (2014),"20 de septiembre de 2020, 19:59"
5,Breaking Bad (2008),"15 de septiembre de 2020, 23:02"
5,Insertos (1975),"29 de agosto de 2020, 14:11"
5,Terciopelo azul (1986),"10 de agosto de 2020, 23:06"
5,Masters of Sex (2013),"10 de agosto de 2020, 23:04"
5,Desayuno con diamantes (1961),"10 de agosto de 2020, 23:00"
5,Atrapado por su pasado (1993),"10 de agosto de 2020, 23:00"
5,Werner Herzog Eats His Shoe (1980),"8 de agosto de 2020, 10:37"
5,Nymphomaniac. Volumen 1 (2013),"1 de agosto de 2020, 14:32"
5,One More Time! (2010),"19 de julio de 2020, 11:26"
5,Jim y Andy (2017),"4 de julio de 2020, 23:05"
5,Black Mirror: Blanca Navidad (2014),"4 de julio de 2020, 23:05"
5,Rick y Morty (2013),"4 de julio de 2020, 23:05"
5,El último baile (2020),"10 de junio de 2020, 17:42"
5,La edad de oro (1930),"7 de junio de 2020, 22:30"
5,Mommy (2014),"6 de junio de 2020, 21:29"
5,Todo sobre mi madre (1999),"3 de abril de 2020, 20:25"
5,El lobo de Wall Street (2013),"9 de enero de 2020, 13:00"
5,"Torrente, el brazo tonto de la ley (1998)","6 de enero de 2020, 10:35"
5,Suspense (1961),"6 de enero de 2020, 09:42"
5,Corazones del tiempo (1934),"5 de enero de 2020, 21:49"
5,The Railrodder (1965),"2 de enero de 2020, 17:27"
5,Cisne negro (2010),"7 de diciembre de 2019, 22:42"
5,Euphoria (2019),"25 de noviembre de 2019, 11:27"
5,Learn English with Ricky Gervais (2012),"18 de noviembre de 2019, 15:48"
5,Los Simpson (1989),"18 de noviembre de 2019, 15:44"
5,El Camino: Una película de Breaking Bad (2019),"18 de noviembre de 2019, 15:43"
5,Joker (2019),"1 de noviembre de 2019, 21:43"
5,Skhizein (2008),"5 de septiembre de 2019, 14:27"
5,Black Hole Apocalypse (2018),"23 de agosto de 2019, 11:33"
5,Garfield y sus amigos (1988),"22 de agosto de 2019, 12:16"
5,Better Call Saul (2015),"21 de agosto de 2019, 01:44"
5,12 años de esclavitud (2013),"18 de agosto de 2019, 20:42"
5,Black Mirror: San Junipero (2016),"17 de junio de 2019, 09:06"
5,Black Mirror: Bandersnatch (2018),"27 de mayo de 2019, 10:59"
5,Black Mirror: Oso blanco (2013),"26 de mayo de 2019, 14:36"
5,La doncella (The Handmaiden) (2016),"19 de mayo de 2019, 18:41"
5,Ha nacido una estrella (2018),"7 de abril de 2019, 17:00"
5,The Ring (El círculo) (1998),"7 de abril de 2019, 12:43"
5,Free Solo (2018),"16 de marzo de 2019, 17:27"
5,Viaje a los límites del Universo (2008),"13 de marzo de 2019, 22:10"
5,Funny Games (2007),"17 de agosto de 2018, 00:35"
5,La princesa Mononoke (1997),"30 de julio de 2018, 11:25"
5,Los odiosos ocho (2015),"28 de julio de 2018, 23:57"
5,Wonder Wheel (2017),"26 de julio de 2018, 01:37"
5,Los jóvenes (1982),"17 de julio de 2018, 15:38"
5,Mars Attacks! (1996),"17 de julio de 2018, 15:35"
5,House of Cards (2013),"16 de julio de 2018, 15:58"
5,Black Mirror: Ahora mismo vuelvo (2013),"16 de julio de 2018, 15:58"
5,Midnight in Paris (2011),"16 de julio de 2018, 15:58"
5,Black Mirror: El himno nacional (2011),"16 de julio de 2018, 15:58"
5,Juego de tronos (2011),"16 de julio de 2018, 15:58"
5,Buda explotó por vergüenza (2007),"16 de julio de 2018, 15:58"
5,Promises (2001),"16 de julio de 2018, 15:58"
5,Donnie Darko (2001),"16 de julio de 2018, 15:58"
5,O Brother! (2000),"16 de julio de 2018, 15:57"
5,American Beauty (1999),"16 de julio de 2018, 15:57"
5,Quemar después de leer (2008),"16 de julio de 2018, 15:57"
5,La tormenta de hielo (1997),"16 de julio de 2018, 15:57"
5,Cómo ser John Malkovich (1999),"16 de julio de 2018, 15:57"
5,La ducha (Shower) (1999),"16 de julio de 2018, 15:57"
5,The External World (2010),"16 de julio de 2018, 15:57"
5,Vals con Bashir (2008),"16 de julio de 2018, 15:57"
5,Tigre y dragón (2000),"16 de julio de 2018, 15:45"
5,Coco (2017),"12 de julio de 2018, 00:34"
5,Star Wars: El despertar de la Fuerza (2015),"10 de julio de 2018, 03:57"
5,Un método peligroso (2011),"24 de mayo de 2018, 16:34"
5,Los descendientes (2011),"2 de mayo de 2018, 10:50"
5,Homeland (2011),"13 de marzo de 2017, 06:53"
5,Black Mirror: 15 millones de méritos (2011),"15 de febrero de 2015, 21:22"
5,Hannibal (2013),"4 de marzo de 2014, 11:33"
5,Sobran las palabras (2013),"19 de febrero de 2014, 06:37"
5,Rocky VI (1986),"2 de febrero de 2014, 20:24"
5,Bowling for Columbine (2002),"31 de enero de 2014, 17:39"
5,Sherlock (2010),"31 de enero de 2014, 17:29"
5,Fuga de Alcatraz (1979),"31 de enero de 2014, 17:27"
5,La vida de Brian (1979),"31 de enero de 2014, 17:27"
5,El Narco (El infierno) (2010),"31 de enero de 2014, 17:27"
5,El caballero oscuro (2008),"31 de enero de 2014, 17:26"
5,Réquiem por un sueño (2000),"31 de enero de 2014, 17:26"
5,En tierra de nadie (2001),"31 de enero de 2014, 17:26"
5,Donnie Brasco (1997),"31 de enero de 2014, 16:55"
5,Seven (Se7en) (1995),"31 de enero de 2014, 16:54"
5,L.A. Confidential (1997),"31 de enero de 2014, 16:53"
5,Futurama (1999),"31 de enero de 2014, 16:52"
5,"Ghost Dog, el camino del samurái (1999)","31 de enero de 2014, 16:52"
5,El luchador (2008),"31 de enero de 2014, 16:49"
5,En terapia (En tratamiento) (2008),"31 de enero de 2014, 16:48"
5,El hombre de al lado (2009),"31 de enero de 2014, 16:48"
5,Toy Story 3 (2010),"31 de enero de 2014, 16:47"
5,Pink Floyd: El muro (1982),"31 de enero de 2014, 16:26"
5,Platoon (1986),"31 de enero de 2014, 16:26"
5,Delicatessen (1991),"31 de enero de 2014, 16:24"
5,El resplandor (1980),"31 de enero de 2014, 16:23"
5,Alguien voló sobre el nido del cuco (1975),"31 de enero de 2014, 16:22"
5,El jovencito Frankenstein (1974),"31 de enero de 2014, 16:22"
5,The French Connection. Contra el imperio de la droga (1971),"31 de enero de 2014, 16:21"
5,Le llamaban Trinidad (1970),"31 de enero de 2014, 16:19"
5,Patton (1970),"31 de enero de 2014, 16:19"
5,El graduado (1967),"31 de enero de 2014, 16:19"
5,Bonnie y Clyde (1967),"31 de enero de 2014, 16:19"
5,La Pantera Rosa (1964),"31 de enero de 2014, 16:18"
5,La Pantera Rosa: Incordio rosa (1964),"31 de enero de 2014, 16:18"
5,Gigante (1956),"31 de enero de 2014, 16:17"
5,El conejo de Sevilla (1950),"31 de enero de 2014, 16:16"
5,Tienda de locos (1941),"31 de enero de 2014, 16:15"
5,Plumas de caballo (1932),"31 de enero de 2014, 16:14"
5,Looney Tunes (1930),"31 de enero de 2014, 16:14"
5,El rey de los cowboys (1925),"31 de enero de 2014, 16:14"
5,Millennium: Los hombres que no amaban a las mujeres (2011),"31 de enero de 2014, 16:06"
5,Mientras duermes (2011),"31 de enero de 2014, 16:05"
5,Shameless (2011),"31 de enero de 2014, 16:05"
5,Inside Job (2010),"31 de enero de 2014, 16:05"
5,"Bicicleta, cuchara, manzana (2010)","31 de enero de 2014, 16:05"
5,La red social (2010),"31 de enero de 2014, 16:05"
5,Elisa K (2010),"31 de enero de 2014, 16:05"
5,Buried (Enterrado) (2010),"31 de enero de 2014, 16:05"
5,El discurso del Rey (2010),"31 de enero de 2014, 16:05"
5,Winter's Bone (2010),"31 de enero de 2014, 16:05"
5,The Cove (2009),"31 de enero de 2014, 16:05"
5,Celda 211 (2009),"31 de enero de 2014, 16:05"
5,Balzac y la joven costurera china (2002),"31 de enero de 2014, 16:04"
5,Gran Torino (2008),"31 de enero de 2014, 16:04"
5,Malditos bastardos (2009),"31 de enero de 2014, 16:03"
5,Misfits (Inadaptados) (2009),"31 de enero de 2014, 16:03"
5,Presto (2008),"31 de enero de 2014, 16:03"
5,El truco del manco (2008),"31 de enero de 2014, 16:03"
5,Vicky Cristina Barcelona (2008),"31 de enero de 2014, 16:03"
5,En tierra hostil (2008),"31 de enero de 2014, 16:03"
5,John Adams (2008),"31 de enero de 2014, 16:03"
5,Mi nombre es Harvey Milk (2008),"31 de enero de 2014, 16:03"
5,Zodiac (2007),"31 de enero de 2014, 16:03"
5,Ratatouille (2007),"31 de enero de 2014, 16:02"
5,Californication (2007),"31 de enero de 2014, 16:02"
5,Pozos de ambición (2007),"31 de enero de 2014, 16:02"
5,Irina Palm (2007),"31 de enero de 2014, 16:02"
5,[•REC] (2007),"31 de enero de 2014, 16:02"
5,Paranoid Park (2007),"31 de enero de 2014, 16:02"
5,La escafandra y la mariposa (2007),"31 de enero de 2014, 16:02"
5,La noche de los girasoles (2006),"31 de enero de 2014, 16:02"
5,Pequeña Miss Sunshine (2006),"31 de enero de 2014, 16:01"
5,This Is England (2006),"31 de enero de 2014, 16:01"
5,Weeds (2005),"31 de enero de 2014, 16:01"
5,"Buenas noches, y buena suerte (2005)","31 de enero de 2014, 16:01"
5,Wallace & Gromit. La maldición de las verduras (2005),"31 de enero de 2014, 16:01"
5,Cinderella Man. El hombre que no se dejó tumbar (2005),"31 de enero de 2014, 16:01"
5,Cómo conocí a vuestra madre (2005),"31 de enero de 2014, 16:01"
5,Brokeback Mountain (En terreno vedado) (2005),"31 de enero de 2014, 16:01"
5,Maestro (2005),"31 de enero de 2014, 16:00"
5,Diarios de motocicleta (2004),"31 de enero de 2014, 16:00"
5,Fahrenheit 9/11 (2004),"31 de enero de 2014, 16:00"
5,Deadwood (2004),"31 de enero de 2014, 16:00"
5,House (2004),"31 de enero de 2014, 15:59"
5,Melinda y Melinda (2004),"31 de enero de 2014, 15:59"
5,Las tortugas también vuelan (2004),"31 de enero de 2014, 15:59"
5,Las invasiones bárbaras (2003),"31 de enero de 2014, 15:59"
5,Lost in Translation (2003),"31 de enero de 2014, 15:58"
5,Earthlings (2005),"31 de enero de 2014, 15:58"
5,Big Fish (2003),"31 de enero de 2014, 15:58"
5,La edad de hielo (Ice Age) (2002),"31 de enero de 2014, 15:58"
5,Atrápame si puedes (2002),"31 de enero de 2014, 15:58"
5,The Shield: Al margen de la ley (2002),"31 de enero de 2014, 15:58"
5,Amélie (2001),"31 de enero de 2014, 15:57"
5,La maldición del escorpión de jade (2001),"31 de enero de 2014, 15:57"
5,Traffic (2000),"31 de enero de 2014, 15:56"
5,American Psycho (2000),"31 de enero de 2014, 15:56"
5,Snatch. Cerdos y diamantes (2000),"31 de enero de 2014, 15:56"
5,Nueve reinas (2000),"31 de enero de 2014, 15:56"
5,Alta fidelidad (2000),"31 de enero de 2014, 15:56"
5,La Víbora Negra: Viaje en el tiempo (1999),"31 de enero de 2014, 15:55"
5,Matrix (1999),"31 de enero de 2014, 15:55"
5,Cowboy Bebop (1998),"31 de enero de 2014, 15:55"
5,La delgada línea roja (1998),"31 de enero de 2014, 15:55"
5,El show de Truman (Una vida en directo) (1998),"31 de enero de 2014, 15:55"
5,Full Monty (1997),"31 de enero de 2014, 15:55"
5,El paciente inglés (1996),"31 de enero de 2014, 15:54"
5,Shine. El resplandor de un genio (1996),"31 de enero de 2014, 15:54"
5,Airbag (1997),"31 de enero de 2014, 15:54"
5,Cosas que hacer en Denver cuando estás muerto (1995),"31 de enero de 2014, 15:54"
5,La máscara (1994),"31 de enero de 2014, 15:53"
5,Wallace y Gromit: Los pantalones equivocados (1993),"31 de enero de 2014, 15:53"
5,Perturbado (1993),"31 de enero de 2014, 15:53"
5,La lista de Schindler (1993),"31 de enero de 2014, 15:53"
5,El silencio de los corderos (1991),"31 de enero de 2014, 15:52"
5,El príncipe de Bel-Air (1990),"31 de enero de 2014, 15:52"
5,Wallace y Gromit: La gran excursión (1989),"31 de enero de 2014, 15:52"
5,El club de los poetas muertos (1989),"31 de enero de 2014, 15:52"
5,Dragon Ball Z (1989),"31 de enero de 2014, 15:52"
5,Akira (1988),"31 de enero de 2014, 15:52"
5,Jungla de cristal (1988),"31 de enero de 2014, 15:51"
5,Cinema Paradiso (1988),"31 de enero de 2014, 15:51"
5,Dragon Ball (Bola de Dragón) (1986),"31 de enero de 2014, 15:51"
5,La rosa púrpura de El Cairo (1985),"31 de enero de 2014, 15:51"
5,Beat Street (1984),"31 de enero de 2014, 15:50"
5,Dune (1984),"31 de enero de 2014, 15:50"
5,El sentido de la vida (1983),"31 de enero de 2014, 15:50"
5,En busca del arca perdida (1981),"31 de enero de 2014, 15:49"
5,El marino (1915),"31 de enero de 2014, 15:49"
5,El cartero siempre llama dos veces (1981),"31 de enero de 2014, 15:48"
5,Doctor Slump (1981),"31 de enero de 2014, 15:48"
5,E.T. el extraterrestre (1982),"31 de enero de 2014, 15:47"
5,La trama (1976),"31 de enero de 2014, 15:47"
5,La última noche de Boris Grushenko (1975),"31 de enero de 2014, 15:46"
5,Mortadelo y Filemón: El armario del tiempo (1971),"31 de enero de 2014, 15:46"
5,Harry el sucio (1971),"31 de enero de 2014, 15:46"
5,Bananas (1971),"31 de enero de 2014, 15:46"
5,El show de Benny Hill (1969),"31 de enero de 2014, 15:46"
5,El mundo submarino de Jacques Cousteau (1966),"31 de enero de 2014, 15:46"
5,La herencia del viento (1960),"31 de enero de 2014, 15:45"
5,Gandhi (1982),"31 de enero de 2014, 15:45"
5,Chantaje en Broadway (1957),"31 de enero de 2014, 15:44"
5,Gilda (1946),"31 de enero de 2014, 15:44"
5,Sabotaje (1942),"31 de enero de 2014, 15:44"
5,Matrimonio original (1941),"31 de enero de 2014, 15:44"
5,Una tarde en el circo (1939),"31 de enero de 2014, 15:44"
5,Alarma en el expreso (1938),"31 de enero de 2014, 15:44"
5,Pistoleros de agua dulce (1931),"31 de enero de 2014, 15:44"
5,Crueldad intolerable (2003),"25 de febrero de 2013, 09:50"
5,Volver (2006),"4 de octubre de 2012, 11:20"
5,Moneyball: Rompiendo las reglas (2011),"31 de julio de 2012, 10:17"
5,La mala educación (2004),"22 de julio de 2012, 16:51"
5,127 horas (2010),"22 de enero de 2012, 17:50"
5,Jackie Brown (1997),"15 de octubre de 2011, 05:32"
5,Arizona Baby (1987),"14 de julio de 2011, 01:58"
5,Los asesinos (1958),"29 de junio de 2011, 02:18"
5,How to Kiss (1989),"26 de junio de 2011, 02:39"
5,"Taris, rey del agua (1931)","1 de junio de 2011, 11:53"
5,Una verdad incómoda (2006),"17 de mayo de 2011, 19:29"
5,M.A.S.H. (1972),"23 de abril de 2011, 19:17"
5,El proceso Paradine (1947),"5 de febrero de 2011, 00:05"
5,"Doraemon, el gato cósmico (1979)","23 de enero de 2011, 15:13"
5,Toy Story (1995),"17 de enero de 2011, 15:50"
5,Kárate a muerte en Torremolinos (2003),"26 de diciembre de 2010, 18:17"
5,Big Bang (2007),"23 de noviembre de 2010, 22:08"
5,Corazón salvaje (1990),"10 de octubre de 2010, 17:45"
5,Ladykillers (2004),"10 de octubre de 2010, 17:34"
5,Michael Clayton (2007),"26 de septiembre de 2010, 02:59"
5,Romper Stomper (1992),"25 de agosto de 2010, 01:57"
3,"Extremadamente cruel, malvado y perverso (2019)","3 de julio de 2022, 17:35"
3,Imperdonable (2021),"23 de abril de 2022, 21:23"
3,Bajocero (2021),"23 de abril de 2022, 18:32"
3,Cry Macho (2021),"20 de marzo de 2022, 16:28"
3,Cruella (2021),"10 de septiembre de 2021, 22:37"
3,Open Water (2003),"7 de febrero de 2021, 11:20"
3,La señorita Julia (2014),"30 de diciembre de 2020, 00:47"
3,Sinister (2012),"1 de noviembre de 2020, 17:02"
3,Nymphomaniac. Volumen 2 (2013),"1 de agosto de 2020, 14:28"
3,IKARIE XB 1 (Viaje al fin del universo) (1963),"18 de julio de 2020, 23:21"
3,Encontré al diablo (2010),"28 de junio de 2020, 16:38"
3,The Upside (Amigos para siempre) (2017),"24 de junio de 2020, 17:48"
3,1917 (2019),"25 de mayo de 2020, 14:19"
3,Planet Terror (2007),"25 de mayo de 2020, 14:15"
3,El año pasado en Marienbad (1961),"5 de abril de 2020, 23:04"
3,Más allá de la vida (2010),"6 de enero de 2020, 10:06"
3,El castillo en el cielo (1986),"24 de diciembre de 2019, 12:45"
3,Colombo (1971),"16 de diciembre de 2019, 15:20"
3,The Walking Dead - Episodio piloto (2010),"13 de diciembre de 2019, 21:31"
3,Juego de Tronos: La última guardia (2019),"8 de diciembre de 2019, 20:57"
3,Perdidos - Episodio piloto (2004),"1 de diciembre de 2019, 19:03"
3,Dexter (2006),"26 de noviembre de 2019, 13:53"
3,1922 (2017),"27 de octubre de 2019, 18:12"
3,Ad Astra (2019),"4 de octubre de 2019, 23:00"
3,First Man (El primer hombre) (2018),"8 de septiembre de 2019, 00:04"
3,Marte (The Martian) (2015),"8 de septiembre de 2019, 00:03"
3,Los intocables de Eliot Ness (1987),"7 de septiembre de 2019, 23:52"
3,Dunkerque (2017),"5 de septiembre de 2019, 23:56"
3,Une histoire vertébrale (2004),"5 de septiembre de 2019, 14:07"
3,Gravity (2013),"30 de agosto de 2019, 19:19"
3,Érase una vez en... Hollywood (2019),"30 de agosto de 2019, 19:00"
3,Perdidos (Lost) (2004),"22 de agosto de 2019, 12:14"
3,Aningaaq (2013),"14 de agosto de 2019, 22:18"
3,Black Mirror: Cállate y baila (2016),"16 de junio de 2019, 16:56"
3,Black Mirror: El momento Waldo (2013),"26 de mayo de 2019, 15:24"
3,The Witness (2018),"18 de mayo de 2019, 16:01"
3,Melancolía (2011),"5 de mayo de 2019, 19:39"
3,Vengadores: Endgame (2019),"29 de abril de 2019, 07:37"
3,MARS: Inside SpaceX (2018),"15 de abril de 2019, 19:31"
3,Bohemian Rhapsody (2018),"19 de marzo de 2019, 09:08"
3,Loving Pablo (2017),"10 de febrero de 2019, 15:07"
3,El libro de la selva (2016),"10 de febrero de 2019, 15:06"
3,En el corazón del mar (2015),"10 de febrero de 2019, 15:00"
3,El renacido (2015),"10 de febrero de 2019, 15:00"
3,Gotham (2014),"24 de diciembre de 2018, 07:29"
3,Gorrión rojo (2018),"1 de octubre de 2018, 20:20"
3,La fiesta de las salchichas (2016),"26 de agosto de 2018, 16:54"
3,Hasta el último hombre (2016),"20 de agosto de 2018, 16:17"
3,Vera Cruz (Veracruz) (1954),"5 de agosto de 2018, 19:16"
3,El último pistolero (1976),"5 de agosto de 2018, 18:50"
3,La teoría del todo (2014),"4 de agosto de 2018, 11:36"
3,Regreso al futuro (1985),"26 de julio de 2018, 01:38"
3,The IT Crowd (Los Informáticos) (2006),"17 de julio de 2018, 15:44"
3,Borat (2006),"17 de julio de 2018, 15:44"
3,Once (Una vez) (2007),"17 de julio de 2018, 15:44"
3,Bienvenidos al Norte (2008),"17 de julio de 2018, 15:42"
3,The Good Wife (2009),"17 de julio de 2018, 15:42"
3,¡El soplón! (2009),"17 de julio de 2018, 15:42"
3,Brüno (2009),"17 de julio de 2018, 15:42"
3,Zootrópolis (2016),"17 de julio de 2018, 15:40"
3,Extant (2014),"17 de julio de 2018, 15:40"
3,Argo (2012),"16 de julio de 2018, 16:00"
3,Siete psicópatas (2012),"16 de julio de 2018, 16:00"
3,La ciudad de las estrellas (La La Land) (2016),"16 de julio de 2018, 08:24"
3,Origen (2010),"12 de julio de 2018, 02:09"
3,Videodrome (1983),"11 de julio de 2018, 06:06"
3,La guerra de las galaxias. Episodio VI: El retorno del Jedi (1983),"10 de julio de 2018, 03:52"
3,El profesional (Léon) (1994),"24 de mayo de 2018, 17:31"
3,Hedwig y The Angry Inch (2001),"16 de abril de 2018, 05:22"
3,Las reglas del juego (2002),"16 de abril de 2018, 03:01"
3,La reina (2006),"16 de abril de 2018, 02:59"
3,(500) días juntos (2009),"16 de abril de 2018, 02:58"
3,Superdotado (Hung) (2009),"16 de abril de 2018, 02:58"
3,Blue Valentine (2010),"16 de abril de 2018, 02:58"
3,The Crazy Ones (2013),"16 de abril de 2018, 02:57"
3,Blade Runner 2049 (2017),"16 de abril de 2018, 02:57"
3,Orígenes (2014),"7 de marzo de 2015, 02:00"
3,El Hobbit: La desolación de Smaug (2013),"14 de febrero de 2015, 09:47"
3,El Hobbit: La batalla de los cinco ejércitos (2014),"14 de febrero de 2015, 09:47"
3,El Hobbit: Un viaje inesperado (2012),"14 de febrero de 2015, 09:46"
3,The Last Ship (2014),"25 de septiembre de 2014, 08:12"
3,Almost Human (2013),"24 de febrero de 2014, 07:13"
3,Una cuestión de tiempo (2013),"19 de febrero de 2014, 06:37"
3,Mejor... imposible (1997),"15 de febrero de 2014, 15:28"
3,Modern Family (2009),"31 de enero de 2014, 18:42"
3,Looper (2012),"31 de enero de 2014, 17:45"
3,La ola (2008),"31 de enero de 2014, 17:42"
3,Pinocho (1940),"31 de enero de 2014, 17:36"
3,Día y noche (2010),"31 de enero de 2014, 16:05"
3,Juno (2007),"31 de enero de 2014, 16:02"
3,Daños y perjuicios (Damages) (2007),"31 de enero de 2014, 16:02"
3,Infiltrados (2006),"31 de enero de 2014, 16:01"
3,Babel (2006),"31 de enero de 2014, 16:01"
3,Munich (2005),"31 de enero de 2014, 16:00"
3,China Blue (2005),"31 de enero de 2014, 16:00"
3,"María, llena eres de gracia (2004)","31 de enero de 2014, 16:00"
3,Los increíbles (2004),"31 de enero de 2014, 16:00"
3,El asesinato de Richard Nixon (2004),"31 de enero de 2014, 15:59"
3,El mito de Bourne (2004),"31 de enero de 2014, 15:59"
3,El hundimiento (2004),"31 de enero de 2014, 15:59"
3,Crash (Colisión) (2004),"31 de enero de 2014, 15:59"
3,El aviador (2004),"31 de enero de 2014, 15:59"
3,La casa de las dagas voladoras (2004),"31 de enero de 2014, 15:59"
3,Saw (2004),"31 de enero de 2014, 15:59"
3,"Good Bye, Lenin! (2003)","31 de enero de 2014, 15:58"
3,Tocando el vacío (2003),"31 de enero de 2014, 15:58"
3,El pianista (2002),"31 de enero de 2014, 15:58"
3,El caso Bourne (2002),"31 de enero de 2014, 15:58"
3,Chicago (2002),"31 de enero de 2014, 15:58"
3,El americano impasible (2002),"31 de enero de 2014, 15:58"
3,"Monstruos, S.A. (2001)","31 de enero de 2014, 15:57"
3,Shrek (2001),"31 de enero de 2014, 15:57"
3,Billy Elliot (Quiero bailar) (2000),"31 de enero de 2014, 15:56"
3,El bola (2000),"31 de enero de 2014, 15:56"
3,Plats bruts (Platos sucios) (1999),"31 de enero de 2014, 15:56"
3,La cena de los idiotas (1998),"31 de enero de 2014, 15:55"
3,Shakespeare enamorado (1998),"31 de enero de 2014, 15:55"
3,La vida es bella (1997),"31 de enero de 2014, 15:55"
3,Wallace y Gromit: Un esquilado apurado (1995),"31 de enero de 2014, 15:54"
3,Cadena perpetua (1994),"31 de enero de 2014, 15:54"
3,Forrest Gump (1994),"31 de enero de 2014, 15:53"
3,En el nombre del padre (1993),"31 de enero de 2014, 15:53"
3,Philadelphia (1993),"31 de enero de 2014, 15:53"
3,Los chicos del barrio (1991),"31 de enero de 2014, 15:52"
3,Las aventuras de Tintín (1991),"31 de enero de 2014, 15:52"
3,Despertares (1990),"31 de enero de 2014, 15:52"
3,Paseando a Miss Daisy (1989),"31 de enero de 2014, 15:52"
3,Arde Mississippi (1988),"31 de enero de 2014, 15:51"
3,Un pez llamado Wanda (1988),"31 de enero de 2014, 15:51"
3,El último emperador (1987),"31 de enero de 2014, 15:51"
3,El nombre de la rosa (1986),"31 de enero de 2014, 15:51"
3,El color púrpura (1985),"31 de enero de 2014, 15:51"
3,Amadeus (1984),"31 de enero de 2014, 15:50"
3,Musculman (1983),"31 de enero de 2014, 15:50"
3,El show de Charlie Brown y Snoopy (1983),"31 de enero de 2014, 15:50"
3,El lado bueno de las cosas (2012),"31 de enero de 2014, 15:49"
3,Brubaker (1980),"31 de enero de 2014, 15:47"
3,Granujas a todo ritmo (1980),"31 de enero de 2014, 15:47"
3,Hotel Fawlty (1975),"31 de enero de 2014, 15:46"
3,El correcaminos (1966),"31 de enero de 2014, 15:46"
3,Superagente 86 (1965),"31 de enero de 2014, 15:46"
3,The Amazing Spider-Man (2012),"31 de enero de 2014, 15:43"
3,Intocable (2011),"31 de enero de 2014, 15:43"
3,Out of a Forest (2010),"31 de enero de 2014, 15:43"
3,La oveja Shaun (2007),"31 de enero de 2014, 15:42"
3,Una mente maravillosa (2001),"31 de enero de 2014, 15:42"
3,Revolutionary Road (2008),"31 de enero de 2014, 15:41"
3,El juego de Kobe (2009),"31 de enero de 2014, 15:41"
3,Scrat's Continental Crack-Up (2010),"31 de enero de 2014, 15:41"
3,El ultimátum de Bourne (2007),"31 de enero de 2014, 15:41"
3,Zeitgeist: The Movie (2007),"31 de enero de 2014, 15:41"
3,Hacia rutas salvajes (Into the Wild) (2007),"31 de enero de 2014, 15:40"
3,Cuatro minutos (2006),"31 de enero de 2014, 15:40"
3,El truco final (El prestigio) (2006),"31 de enero de 2014, 15:40"
3,Déjà Vu (2006),"31 de enero de 2014, 15:40"
3,El Perfume. Historia de un asesino (2006),"31 de enero de 2014, 15:40"
3,Casino Royale (2006),"31 de enero de 2014, 15:40"
3,Thai Dragon (2005),"31 de enero de 2014, 15:39"
3,Una vida por delante (2005),"31 de enero de 2014, 15:39"
3,En la cuerda floja (2005),"31 de enero de 2014, 15:39"
3,Batman Begins (2005),"31 de enero de 2014, 15:39"
3,Tsotsi (2005),"31 de enero de 2014, 15:39"
3,Entourage: El séquito (2004),"31 de enero de 2014, 15:39"
3,Héroes imaginarios (2004),"31 de enero de 2014, 15:39"
3,Million Dollar Baby (2004),"31 de enero de 2014, 15:38"
3,Los edukadores (2004),"31 de enero de 2014, 15:38"
3,Los chicos del coro (2004),"31 de enero de 2014, 15:38"
3,La terminal (2004),"31 de enero de 2014, 15:38"
3,Hotel Rwanda (2004),"31 de enero de 2014, 15:37"
3,Salvador (Puig Antich) (2006),"31 de enero de 2014, 15:37"
3,El ilusionista (2006),"31 de enero de 2014, 15:37"
3,Ice Age 2: El deshielo (2006),"31 de enero de 2014, 15:37"
3,Los otros (2001),"31 de enero de 2014, 15:36"
3,El experimento (2001),"31 de enero de 2014, 15:36"
3,El tren de la bruja (2003),"31 de enero de 2014, 15:36"
3,Mar adentro (2004),"31 de enero de 2014, 15:36"
3,El señor de los anillos: El retorno del rey (2003),"31 de enero de 2014, 15:36"
3,La vida de David Gale (2003),"31 de enero de 2014, 15:35"
3,La joven de la perla (2003),"31 de enero de 2014, 15:35"
3,Camino a la perdición (2002),"31 de enero de 2014, 15:35"
3,John Q. (2002),"31 de enero de 2014, 15:35"
3,La hora chanante (2002),"31 de enero de 2014, 15:35"
3,Minority Report (2002),"31 de enero de 2014, 15:35"
3,8 millas (2002),"31 de enero de 2014, 15:34"
3,Harry Potter y la piedra filosofal (2001),"31 de enero de 2014, 15:33"
3,Training Day (Día de entrenamiento) (2001),"31 de enero de 2014, 15:33"
3,Ali (2001),"31 de enero de 2014, 15:33"
3,El profesor chiflado (1996),"31 de enero de 2014, 15:32"
3,El indomable Will Hunting (1997),"31 de enero de 2014, 15:32"
3,El juego de Geri (1997),"31 de enero de 2014, 15:32"
3,Pokémon (1997),"31 de enero de 2014, 15:32"
3,El sexto sentido (1999),"31 de enero de 2014, 15:32"
3,El club de la lucha (1999),"31 de enero de 2014, 15:31"
3,Los miserables (2000),"31 de enero de 2014, 15:31"
3,Chicken Run: Evasión en la granja (2000),"31 de enero de 2014, 15:31"
3,Pajaritos (2000),"31 de enero de 2014, 15:31"
3,Náufrago (2000),"31 de enero de 2014, 15:31"
3,El señor de los anillos: La comunidad del anillo (2001),"31 de enero de 2014, 15:31"
3,El secdleto de la tlompeta (1995),"31 de enero de 2014, 15:31"
3,Cuatro bodas y un funeral (1994),"31 de enero de 2014, 15:30"
3,El rey león (1994),"31 de enero de 2014, 15:30"
3,Mortadelo y Filemón (1994),"31 de enero de 2014, 15:30"
3,La chica del gángster (1993),"31 de enero de 2014, 15:30"
3,El mundo de Beakman (1992),"31 de enero de 2014, 15:30"
3,Instinto básico (1992),"31 de enero de 2014, 15:30"
3,Hattori el Ninja (1981),"31 de enero de 2014, 15:30"
3,Innocent Moves (En busca de Bobby Fischer) (1993),"31 de enero de 2014, 15:28"
3,Bailando con lobos (1990),"31 de enero de 2014, 15:28"
3,Las cartas de Alou (1990),"31 de enero de 2014, 15:28"
3,Ghost. Más allá del amor (1990),"31 de enero de 2014, 15:28"
3,¿Quién engañó a Roger Rabbit? (1988),"31 de enero de 2014, 15:28"
3,Robocop (1987),"31 de enero de 2014, 15:28"
3,La ley del deseo (1987),"31 de enero de 2014, 15:28"
3,Pelle el conquistador (1987),"31 de enero de 2014, 15:27"
3,Los Cazafantasmas (1984),"31 de enero de 2014, 15:27"
3,El honor de los Prizzi (1985),"31 de enero de 2014, 15:27"
3,Gremlins (1984),"31 de enero de 2014, 15:27"
3,Chicho Terremoto (1981),"31 de enero de 2014, 15:27"
3,Mazinger Z (1972),"31 de enero de 2014, 15:27"
3,Infierno de cobardes (1973),"31 de enero de 2014, 15:27"
3,Topaz (1969),"31 de enero de 2014, 15:26"
3,Batman (1966),"31 de enero de 2014, 15:26"
3,El fabuloso mundo del circo (1964),"31 de enero de 2014, 15:26"
3,La familia Addams (1964),"31 de enero de 2014, 15:26"
3,Popeye el marino (1960),"31 de enero de 2014, 15:26"
3,Drácula (1958),"31 de enero de 2014, 15:26"
3,Locos del aire (1939),"31 de enero de 2014, 15:26"
3,Simiocracia (Crónica de la gran resaca económica) (2012),"31 de enero de 2014, 15:25"
3,Los miserables (2012),"31 de enero de 2014, 15:25"
3,Skyfall (2012),"31 de enero de 2014, 15:25"
3,Magic Mike (2012),"31 de enero de 2014, 15:25"
3,Españistán (La burbuja inmobiliaria) (2011),"31 de enero de 2014, 15:25"
3,Super 8 (2011),"31 de enero de 2014, 15:25"
3,Crazy Stupid Love (2011),"31 de enero de 2014, 15:25"
3,Los Reyes Magos (2011),"31 de enero de 2014, 15:25"
3,Spartacus: Sangre y arena (2010),"31 de enero de 2014, 15:25"
3,Arroz pasado (Arròs covat) (2009),"31 de enero de 2014, 15:25"
3,Precious (2009),"31 de enero de 2014, 15:24"
3,Distrito 9 (2009),"31 de enero de 2014, 15:24"
3,Resacón en Las Vegas (2009),"31 de enero de 2014, 15:24"
3,El intercambio (2008),"31 de enero de 2014, 15:24"
3,Quantum of Solace (2008),"31 de enero de 2014, 15:24"
3,Machete (2007),"31 de enero de 2014, 15:24"
3,300 (2006),"31 de enero de 2014, 15:24"
3,Noche en el museo (2006),"31 de enero de 2014, 15:23"
3,Sin City (Ciudad del pecado) (2005),"31 de enero de 2014, 15:23"
3,Star Wars. Episodio III: La venganza de los sith (2005),"31 de enero de 2014, 15:23"
3,Charlie y la fábrica de chocolate (2005),"31 de enero de 2014, 15:23"
3,Ray (2004),"31 de enero de 2014, 15:22"
3,Kill Bill. Volumen 2 (2004),"31 de enero de 2014, 15:22"
3,Cold Mountain (2003),"31 de enero de 2014, 15:22"
3,Psico express (2001),"31 de enero de 2014, 15:21"
3,Rejected (2000),"31 de enero de 2014, 15:21"
3,Chocolat (2000),"31 de enero de 2014, 15:21"
3,Torrente 2: Misión en Marbella (2001),"31 de enero de 2014, 15:21"
3,El pacto de los lobos (2001),"31 de enero de 2014, 15:21"
3,Moulin Rouge (2001),"31 de enero de 2014, 15:20"
3,Harry Potter y la cámara secreta (2002),"31 de enero de 2014, 15:20"
3,El señor de los anillos: Las dos torres (2002),"31 de enero de 2014, 15:20"
3,La habitación del pánico (2002),"31 de enero de 2014, 15:20"
3,Kill Bill. Volumen 1 (2003),"31 de enero de 2014, 15:19"
3,"Bean, lo último en cine catastrófico (1997)","31 de enero de 2014, 15:19"
3,Space Jam (1996),"31 de enero de 2014, 15:18"
3,Detective Conan (1996),"31 de enero de 2014, 15:18"
3,El día de la bestia (1995),"31 de enero de 2014, 15:18"
3,12 monos (1995),"31 de enero de 2014, 15:18"
3,Casper (1995),"31 de enero de 2014, 15:18"
3,Abre los ojos (1997),"31 de enero de 2014, 15:18"
3,Notting Hill (1999),"31 de enero de 2014, 15:17"
3,Balzac (1999),"31 de enero de 2014, 15:17"
3,El portero (2000),"31 de enero de 2014, 15:17"
3,Los padres de ella (2000),"31 de enero de 2014, 15:17"
3,Friends (1994),"31 de enero de 2014, 15:17"
3,Street Sharks (1994),"31 de enero de 2014, 15:16"
3,"Ace Ventura, un detective diferente (1994)","31 de enero de 2014, 15:16"
3,Parque Jurásico (Jurassic Park) (1993),"31 de enero de 2014, 15:16"
3,Un mundo perfecto (1993),"31 de enero de 2014, 15:16"
3,Marsupilami (1993),"31 de enero de 2014, 15:16"
3,Los cuentos de la cripta (1993),"31 de enero de 2014, 15:16"
3,Pequeño Buda (1993),"31 de enero de 2014, 15:16"
3,Misery (1990),"31 de enero de 2014, 15:16"
3,Solo en casa (1990),"31 de enero de 2014, 15:16"
3,Rain Man (1988),"31 de enero de 2014, 15:16"
3,Las Tortugas Ninja (1987),"31 de enero de 2014, 15:16"
3,Dentro del laberinto (1986),"31 de enero de 2014, 15:16"
3,Miami Vice - Corrupción en Miami (1984),"31 de enero de 2014, 15:15"
3,Pauline en la playa (1983),"31 de enero de 2014, 15:15"
3,Oliver y Benji (Campeones) (1983),"31 de enero de 2014, 15:15"
3,Nunca digas nunca jamás (1983),"31 de enero de 2014, 15:15"
3,Los Pitufos (1981),"31 de enero de 2014, 15:15"
3,Al final de la escalera (1980),"31 de enero de 2014, 15:15"
3,Grease (1978),"31 de enero de 2014, 15:15"
3,Los Roper (1976),"31 de enero de 2014, 15:15"
3,El hombre de la pistola de oro (1974),"31 de enero de 2014, 15:15"
3,Vive y deja morir (1973),"31 de enero de 2014, 15:15"
3,Sólo se vive dos veces (1967),"31 de enero de 2014, 15:14"
3,Star Trek (1966),"31 de enero de 2014, 15:14"
3,Embrujada (1964),"31 de enero de 2014, 15:14"
3,Bonanza (1959),"31 de enero de 2014, 15:14"
3,Prometheus (2012),"31 de enero de 2014, 14:44"
3,A Roma con amor (2012),"21 de enero de 2014, 16:23"
3,El gran Gatsby (2013),"24 de septiembre de 2013, 05:46"
3,Castle (2009),"21 de marzo de 2013, 11:07"
3,Holocausto caníbal (1980),"27 de febrero de 2013, 09:42"
3,Di que sí (2008),"20 de febrero de 2013, 15:50"
3,Lo imposible (2012),"16 de febrero de 2013, 15:00"
3,Men in Black (Hombres de negro) (1997),"6 de octubre de 2012, 15:21"
3,Big (1988),"6 de octubre de 2012, 15:19"
3,American History X (1998),"29 de agosto de 2012, 23:27"
3,El caballero oscuro: La leyenda renace (2012),"21 de julio de 2012, 20:30"
3,007: Alta tensión (1987),"6 de enero de 2012, 12:53"
3,007 al servicio secreto de su Majestad (1969),"6 de enero de 2012, 12:53"
3,W. (2008),"10 de noviembre de 2011, 09:59"
3,Juana la Loca (2001),"6 de octubre de 2011, 23:46"
3,Doble cuerpo (1984),"30 de septiembre de 2011, 21:18"
3,Win Win (Ganamos todos) (2011),"12 de julio de 2011, 01:14"
3,Star Wars. Episodio I: La amenaza fantasma (1999),"28 de junio de 2011, 23:27"
3,Titanic (1997),"5 de junio de 2011, 21:27"
3,Polònia (2006),"30 de mayo de 2011, 19:42"
3,Majoria absoluta (2002),"14 de mayo de 2011, 13:15"
3,Un día con Amenábar (2003),"4 de mayo de 2011, 18:55"
3,Mr. Bean: La serie animada (2002),"24 de abril de 2011, 22:46"
3,Stargate SG-1 (1997),"23 de abril de 2011, 19:50"
3,Libertarias (1996),"22 de abril de 2011, 23:29"
3,Terminator (1984),"23 de marzo de 2011, 20:53"
3,Límite vertical (2000),"12 de marzo de 2011, 23:34"
3,Miguel Strogoff: El correo del Zar (1999),"3 de marzo de 2011, 18:56"
3,El velo pintado (2006),"25 de febrero de 2011, 20:46"
3,Matilda (1996),"31 de enero de 2011, 22:39"
3,Los Megabebés (Super Bebés) (2000),"31 de enero de 2011, 20:44"
3,Indiana Jones y el reino de la calavera de cristal (2008),"26 de enero de 2011, 09:38"
3,Saw III (2006),"25 de enero de 2011, 22:05"
3,Stuart Little (1999),"21 de enero de 2011, 21:06"
3,One Piece (1999),"20 de enero de 2011, 16:23"
3,Jack (1996),"19 de enero de 2011, 16:44"
3,Dragon Ball GT (1996),"18 de enero de 2011, 16:42"
3,Naruto (2002),"18 de enero de 2011, 16:41"
3,Los padres de él (2004),"18 de enero de 2011, 16:36"
3,Danny the Dog (2005),"18 de enero de 2011, 15:01"
3,Bob Esponja (1999),"15 de enero de 2011, 17:25"
3,Spider-Man: La serie animada (1994),"15 de enero de 2011, 01:05"
3,Acorralado (Rambo) (1982),"15 de enero de 2011, 00:38"
3,Un domingo cualquiera (1999),"29 de diciembre de 2010, 22:08"
3,Copying Beethoven (2006),"21 de diciembre de 2010, 18:36"
3,The Reader (El lector) (2008),"12 de diciembre de 2010, 01:54"
3,Harry Potter y la orden del Fénix (2007),"12 de diciembre de 2010, 01:51"
3,Love Actually (2003),"12 de diciembre de 2010, 01:44"
3,Siete almas (2008),"12 de diciembre de 2010, 01:44"
3,Jumanji (1995),"31 de octubre de 2010, 16:11"
3,MIIB: Hombres de negro II (Men in Black 2) (2002),"10 de octubre de 2010, 17:52"
3,"Yo, yo mismo e Irene (2000)","10 de octubre de 2010, 14:42"
2,Los voyeurs (2021),"6 de octubre de 2021, 12:44"
1,365 días: Aquel día (2022),"21 de mayo de 2022, 19:57"
1,El bar (2017),"8 de mayo de 2022, 14:53"
1,Jumanji: Siguiente nivel (2019),"20 de marzo de 2022, 16:24"
1,365 días (2020),"20 de marzo de 2022, 16:23"
1,Dune (2021),"16 de enero de 2022, 18:34"
1,Elektra (2005),"30 de diciembre de 2021, 21:56"
1,Southbound (2015),"9 de octubre de 2021, 23:15"
1,Infección (2019),"8 de agosto de 2021, 14:33"
1,Bait (Carnada) (2012),"8 de agosto de 2021, 13:14"
1,Abismo (2020),"20 de junio de 2021, 16:18"
1,Sharkansas (2015),"20 de junio de 2021, 16:13"
1,Infierno azul (2016),"14 de febrero de 2021, 17:48"
1,Tiburón 3D: La presa (2011),"13 de febrero de 2021, 15:54"
1,A 47 metros (2017),"8 de febrero de 2021, 19:38"
1,El arrecife (2010),"31 de enero de 2021, 19:04"
1,Apocalypto (2006),"21 de enero de 2021, 00:22"
1,The Wilds (2020),"13 de diciembre de 2020, 16:34"
1,The Lovely Bones (2009),"6 de diciembre de 2020, 20:13"
1,Antiviral (2012),"25 de octubre de 2020, 17:46"
1,Hannibal (2001),"1 de octubre de 2020, 22:41"
1,La milla verde (1999),"30 de septiembre de 2020, 00:56"
1,Your Name. (2016),"12 de agosto de 2020, 08:53"
1,Timadoras compulsivas (2019),"5 de julio de 2020, 11:34"
1,Saw IV (2007),"4 de julio de 2020, 22:27"
1,Jurassic World (2015),"24 de junio de 2020, 13:31"
1,Sharknado (2013),"14 de junio de 2020, 17:04"
1,Star Wars: Los últimos Jedi (2017),"31 de mayo de 2020, 23:18"
1,Anatomía de Grey (2005),"31 de mayo de 2020, 23:12"
1,Star Wars: El ascenso de Skywalker (2019),"31 de mayo de 2020, 19:51"
1,Up Your Legs Forever (1971),"28 de mayo de 2020, 18:40"
1,Fly (1970),"28 de mayo de 2020, 18:38"
1,Smile (No. 5) (1968),"28 de mayo de 2020, 18:38"
1,Two Virgins (1968),"28 de mayo de 2020, 18:38"
1,No. 1 (1966),"28 de mayo de 2020, 18:38"
1,No. 4 (1966),"28 de mayo de 2020, 18:37"
1,Eyeblink (1966),"28 de mayo de 2020, 18:37"
1,Freedom (1970),"28 de mayo de 2020, 18:36"
1,Erection (1971),"28 de mayo de 2020, 18:35"
1,The Mandalorian (2019),"21 de mayo de 2020, 15:14"
1,Gladiator (2000),"15 de diciembre de 2019, 23:06"
1,The Walking Dead (2010),"1 de diciembre de 2019, 19:47"
1,Battle (2018),"23 de noviembre de 2019, 22:48"
1,The Tourist (2010),"23 de noviembre de 2019, 22:21"
1,El diario de Noa (2004),"21 de noviembre de 2019, 23:13"
1,Así nos ven (2019),"21 de noviembre de 2019, 14:58"
1,El protegido (2000),"18 de noviembre de 2019, 01:05"
1,Sombras tenebrosas (2012),"10 de noviembre de 2019, 19:14"
1,Clinical (2017),"19 de octubre de 2019, 22:13"
1,Spider-Man: Lejos de casa (2019),"6 de octubre de 2019, 19:36"
1,Interstellar (2014),"4 de octubre de 2019, 23:08"
1,Transcendence (2014),"5 de septiembre de 2019, 20:31"
1,El sótano de Ma (2019),"25 de agosto de 2019, 18:13"
1,Passengers (2016),"21 de agosto de 2019, 00:46"
1,Airplane Mode (2019),"14 de agosto de 2019, 22:26"
1,Las sirenas (2016),"15 de mayo de 2019, 12:08"
1,John Wick: Pacto de sangre (2017),"9 de mayo de 2019, 21:11"
1,Glass (Cristal) (2019),"21 de abril de 2019, 18:27"
1,Nosotros (2019),"31 de marzo de 2019, 00:18"
1,Dogman (2018),"24 de marzo de 2019, 16:35"
1,Venom (2018),"10 de febrero de 2019, 14:57"
1,Megalodon (2018),"10 de febrero de 2019, 14:56"
1,Aquaman (2018),"24 de diciembre de 2018, 07:26"
1,Noche de juegos (2018),"1 de octubre de 2018, 20:22"
1,Proyecto Rampage (2018),"1 de octubre de 2018, 20:21"
1,Spider-Man: Homecoming (2017),"14 de septiembre de 2018, 10:34"
1,Dirty Dancing (1987),"27 de agosto de 2018, 04:17"
1,La que se avecina (2007),"11 de agosto de 2018, 19:19"
1,Una madre problemática (2018),"11 de agosto de 2018, 19:06"
1,Baahubali: The Beginning (2015),"30 de julio de 2018, 08:08"
1,Le seguían llamando Trinidad (1971),"29 de julio de 2018, 01:32"
1,Kung Fu (1972),"29 de julio de 2018, 01:32"
1,Salvar al soldado Ryan (1998),"29 de julio de 2018, 01:26"
1,Ojos de serpiente (1998),"29 de julio de 2018, 01:26"
1,El diario de Bridget Jones (2001),"29 de julio de 2018, 01:25"
1,La pareja del año (2001),"29 de julio de 2018, 01:24"
1,En busca de la felicidad (2006),"29 de julio de 2018, 01:21"
1,Rumores y mentiras (2010),"29 de julio de 2018, 01:20"
1,La vida de Pi (2012),"29 de julio de 2018, 01:20"
1,Community (2009),"17 de julio de 2018, 15:52"
1,Sin Límites (2011),"17 de julio de 2018, 15:51"
1,Con derecho a roce (2011),"17 de julio de 2018, 15:51"
1,El dictador (2012),"17 de julio de 2018, 15:50"
1,The Amazing Spider-Man 2: El poder de Electro (2014),"17 de julio de 2018, 15:50"
1,Jurassic World: El reino caído (2018),"12 de julio de 2018, 01:15"
1,Rogue One: Una historia de Star Wars (2016),"9 de julio de 2018, 12:50"
1,Sr. y Sra. Smith (2005),"24 de mayo de 2018, 17:15"
1,Focus (2015),"6 de febrero de 2018, 02:15"
1,La playa (2000),"15 de marzo de 2015, 03:57"
1,La entrevista (2014),"8 de marzo de 2015, 17:06"
1,CSI: Nueva York (2004),"15 de febrero de 2015, 21:28"
1,CSI: Las Vegas (2000),"15 de febrero de 2015, 21:28"
1,CSI: Miami (2002),"15 de febrero de 2015, 21:28"
1,Crepúsculo (Twilight) (2008),"15 de febrero de 2015, 20:57"
1,Como Dios (2003),"15 de febrero de 2015, 20:47"
1,Criadas y malvadas (2013),"14 de febrero de 2015, 09:49"
1,Infieles (2013),"25 de septiembre de 2014, 07:03"
1,The Strain (2014),"25 de septiembre de 2014, 07:00"
1,Scorpion (2014),"25 de septiembre de 2014, 06:54"
1,Sucker Punch (2011),"8 de julio de 2014, 07:46"
1,The Killing Room (2009),"7 de julio de 2014, 14:18"
1,Dragonball Evolution (2009),"25 de febrero de 2014, 05:00"
1,The Tomorrow People (2013),"22 de febrero de 2014, 08:11"
1,Sherlock Holmes (2009),"13 de febrero de 2014, 01:38"
1,Proyecto X (2012),"12 de febrero de 2014, 19:41"
1,La cruda realidad (2009),"3 de febrero de 2014, 11:07"
1,The Holiday (Vacaciones) (2006),"2 de febrero de 2014, 21:18"
1,Qué les pasa a los hombres (2009),"2 de febrero de 2014, 21:18"
1,Pretty Woman (1990),"2 de febrero de 2014, 21:14"
1,Crónicas vampíricas (2009),"31 de enero de 2014, 18:40"
1,Avatar (2009),"31 de enero de 2014, 17:44"
1,Fast & Furious 6 (A todo gas 6) (2013),"31 de enero de 2014, 17:37"
1,American Pie: El reencuentro (2012),"31 de enero de 2014, 17:31"
1,Mi primo Vinny (1992),"31 de enero de 2014, 16:11"
1,Batman: La serie animada (1992),"31 de enero de 2014, 16:11"
1,Lucky Luke (1984),"31 de enero de 2014, 16:10"
1,"Karate Kid, el momento de la verdad (1984)","31 de enero de 2014, 16:10"
1,Superman (1978),"31 de enero de 2014, 16:09"
1,Bumpy el travieso (1994),"31 de enero de 2014, 15:53"
1,Slumdog Millionaire (2008),"31 de enero de 2014, 15:43"
1,Collateral (2004),"31 de enero de 2014, 15:39"
1,Master and Commander: Al otro lado del mundo (2003),"31 de enero de 2014, 15:36"
1,Me llaman Radio (2003),"31 de enero de 2014, 15:36"
1,Pearl Harbor (2001),"31 de enero de 2014, 15:31"
1,"Mortadelo y Filemón, agencia de información (1969)","31 de enero de 2014, 15:27"
1,El libro de la selva (1967),"31 de enero de 2014, 15:26"
1,Dumbo (1941),"31 de enero de 2014, 15:26"
1,Blancanieves y los siete enanitos (1937),"31 de enero de 2014, 15:25"
1,Harry Potter y las reliquias de la muerte - Parte 2 (2011),"31 de enero de 2014, 15:25"
1,Notorious (2009),"31 de enero de 2014, 15:24"
1,Ice Age 3: El origen de los dinosaurios (2009),"31 de enero de 2014, 15:24"
1,Diamante de sangre (2006),"31 de enero de 2014, 15:24"
1,V de Vendetta (2005),"31 de enero de 2014, 15:23"
1,The Jacket (2005),"31 de enero de 2014, 15:23"
1,La guerra de los mundos (2005),"31 de enero de 2014, 15:23"
1,El jardinero fiel (2005),"31 de enero de 2014, 15:23"
1,La intérprete (2005),"31 de enero de 2014, 15:22"
1,Alejandro Magno (2004),"31 de enero de 2014, 15:22"
1,El día de mañana (2004),"31 de enero de 2014, 15:22"
1,Troya (2004),"31 de enero de 2014, 15:22"
1,Harry Potter y el prisionero de Azkaban (2004),"31 de enero de 2014, 15:22"
1,Bobobo (2003),"31 de enero de 2014, 15:22"
1,Plenilunio (2000),"31 de enero de 2014, 15:21"
1,El planeta de los simios (2001),"31 de enero de 2014, 15:21"
1,El último samurái (2003),"31 de enero de 2014, 15:21"
1,Quiero ser como Beckham (2002),"31 de enero de 2014, 15:20"
1,Black Hawk derribado (2001),"31 de enero de 2014, 15:20"
1,Mi gran boda griega (2002),"31 de enero de 2014, 15:19"
1,La gran aventura de Mortadelo y Filemón (2003),"31 de enero de 2014, 15:19"
1,El conde de Montecristo (1998),"31 de enero de 2014, 15:19"
1,La boda de mi mejor amigo (1997),"31 de enero de 2014, 15:19"
1,Braveheart (1995),"31 de enero de 2014, 15:18"
1,"Babe, el cerdito valiente (1995)","31 de enero de 2014, 15:18"
1,El perro del hortelano (1996),"31 de enero de 2014, 15:18"
1,Ace Ventura: Detective de mascotas (1996),"31 de enero de 2014, 15:18"
1,El hombre que susurraba a los caballos (1998),"31 de enero de 2014, 15:17"
1,Aladdin (1992),"31 de enero de 2014, 15:16"
1,Depredador (1987),"31 de enero de 2014, 15:16"
1,"Greystoke, la leyenda de Tarzán (1984)","31 de enero de 2014, 15:15"
1,101 dálmatas (1961),"31 de enero de 2014, 15:14"
1,Camera Café (2005),"31 de enero de 2014, 15:14"
1,Capitán América: El primer vengador (2011),"31 de enero de 2014, 15:14"
1,Jet Lag (2001),"31 de enero de 2014, 15:13"
1,Jay y Bob el Silencioso contraatacan (2001),"31 de enero de 2014, 15:13"
1,X-Men (2000),"31 de enero de 2014, 15:13"
1,La ley de la calle (2005),"31 de enero de 2014, 15:12"
1,Las vacaciones de Mr. Bean (Mr. Bean 2) (2007),"31 de enero de 2014, 15:11"
1,Shooter: El tirador (2007),"31 de enero de 2014, 15:11"
1,Spider-Man 3 (2007),"31 de enero de 2014, 15:11"
1,Los Simpson: La película (2007),"31 de enero de 2014, 15:11"
1,Harry Potter y las reliquias de la muerte - Parte 1 (2010),"31 de enero de 2014, 15:11"
1,Plan de vuelo: Desaparecida (2005),"31 de enero de 2014, 15:10"
1,Harry Potter y el cáliz de fuego (2005),"31 de enero de 2014, 15:10"
1,Prison Break (2005),"31 de enero de 2014, 15:10"
1,King Kong (2005),"31 de enero de 2014, 15:10"
1,"Yo, robot (2004)","31 de enero de 2014, 15:10"
1,El rey Arturo (2004),"31 de enero de 2014, 15:10"
1,El vuelo del Fénix (2004),"31 de enero de 2014, 15:10"
1,Paycheck (2003),"31 de enero de 2014, 15:10"
1,La liga de los hombres extraordinarios (2003),"31 de enero de 2014, 15:09"
1,Daredevil (2003),"31 de enero de 2014, 15:09"
1,Triple X (2002),"31 de enero de 2014, 15:09"
1,Spider-Man (2002),"31 de enero de 2014, 15:09"
1,Transporter (2002),"31 de enero de 2014, 15:09"
1,La máquina del tiempo (2002),"31 de enero de 2014, 15:09"
1,La venganza del conde de Montecristo (2002),"31 de enero de 2014, 15:09"
1,Lara Croft: Tomb Raider (2001),"31 de enero de 2014, 15:08"
1,Jimmy Neutron: el niño inventor (2001),"31 de enero de 2014, 15:08"
1,Smallville (2001),"31 de enero de 2014, 15:08"
1,El único (The One) (2001),"31 de enero de 2014, 15:08"
1,Como perros y gatos (2001),"31 de enero de 2014, 15:08"
1,Expediente Zack (2000),"31 de enero de 2014, 15:08"
1,Descubriendo a Forrester (2000),"31 de enero de 2014, 15:07"
1,Los ángeles de Charlie (2000),"31 de enero de 2014, 15:07"
1,Dinosaurio (2000),"31 de enero de 2014, 15:07"
1,Manolito Gafotas (1999),"31 de enero de 2014, 15:07"
1,La máscara del Zorro (1998),"31 de enero de 2014, 15:07"
1,"Bichos, una aventura en miniatura (1998)","31 de enero de 2014, 15:06"
1,Gárgolas (1994),"31 de enero de 2014, 15:06"
1,Leyendas de pasión (1994),"31 de enero de 2014, 15:06"
1,Un ratoncito duro de roer (1997),"31 de enero de 2014, 15:05"
1,Mulan (1998),"31 de enero de 2014, 15:05"
1,CatDog (1998),"31 de enero de 2014, 15:05"
1,Flubber y el profesor chiflado (1997),"31 de enero de 2014, 15:05"
1,Hércules (1997),"31 de enero de 2014, 15:05"
1,"Xena, la princesa guerrera (1995)","31 de enero de 2014, 15:05"
1,10 + 2 (1991),"31 de enero de 2014, 15:04"
1,"Señora Doubtfire, papá de por vida (1993)","31 de enero de 2014, 15:04"
1,Los Motorratones de Marte (1993),"31 de enero de 2014, 15:04"
1,La bella y la bestia (1991),"31 de enero de 2014, 15:03"
1,Van Helsing (2004),"31 de enero de 2014, 15:03"
1,Catwoman (2004),"31 de enero de 2014, 15:03"
1,Merlín el encantador (1963),"31 de enero de 2014, 15:03"
1,El último Boy Scout (1991),"31 de enero de 2014, 15:02"
1,"Cariño, he encogido a los niños (1989)","31 de enero de 2014, 15:02"
1,Ranma ½ (1989),"31 de enero de 2014, 15:02"
1,Top Gun (Ídolos del aire) (1986),"31 de enero de 2014, 15:02"
1,Se ha escrito un crimen (1984),"31 de enero de 2014, 15:01"
1,Vickie el Vikingo (1974),"31 de enero de 2014, 15:01"
1,Pippi Calzaslargas (1969),"31 de enero de 2014, 15:01"
1,Los Vengadores (2012),"31 de enero de 2014, 15:00"
1,Los juegos del hambre (2012),"31 de enero de 2014, 15:00"
1,La saga Crepúsculo: Amanecer - Parte 2 (2012),"31 de enero de 2014, 15:00"
1,Isi/Disi: Alto voltaje (2006),"31 de enero de 2014, 15:00"
1,A la deriva (2006),"31 de enero de 2014, 14:59"
1,Persecución extrema (2006),"31 de enero de 2014, 14:59"
1,Soy leyenda (2007),"31 de enero de 2014, 14:59"
1,Escenas de matrimonio (2007),"31 de enero de 2014, 14:59"
1,Ocean's 13 (Ocean's Thirteen) (2007),"31 de enero de 2014, 14:59"
1,Crackòvia (2008),"31 de enero de 2014, 14:59"
1,Bienvenido al mundo de LOL (2008),"31 de enero de 2014, 14:59"
1,La saga Crepúsculo: Luna nueva (2009),"31 de enero de 2014, 14:59"
1,Iron Man (2008),"31 de enero de 2014, 14:59"
1,Invictus (2009),"31 de enero de 2014, 14:59"
1,Harry Potter y el misterio del príncipe (2009),"31 de enero de 2014, 14:59"
1,Saw VI (2009),"31 de enero de 2014, 14:59"
1,La saga Crepúsculo: Eclipse (2010),"31 de enero de 2014, 14:58"
1,Iron Man 2 (2010),"31 de enero de 2014, 14:58"
1,Agua para elefantes (2011),"31 de enero de 2014, 14:58"
1,Resacón 2: ¡Ahora en Tailandia! (2011),"31 de enero de 2014, 14:58"
1,Justin Bieber: Never Say Never (2011),"31 de enero de 2014, 14:58"
1,The Black Mamba (2011),"31 de enero de 2014, 14:58"
1,Chinese Zodiac: La armadura de Dios (2012),"31 de enero de 2014, 14:58"
1,Eragon (2006),"31 de enero de 2014, 14:58"
1,Torrente 3: El protector (2005),"31 de enero de 2014, 14:58"
1,Transporter 2 (2005),"31 de enero de 2014, 14:58"
1,Los 4 fantásticos (2005),"31 de enero de 2014, 14:58"
1,Tarzán 2 (2005),"31 de enero de 2014, 14:58"
1,Madagascar (2005),"31 de enero de 2014, 14:58"
1,El clan de los rompehuesos (2005),"31 de enero de 2014, 14:58"
1,Las Fieras Fútbol Club 2 (2005),"31 de enero de 2014, 14:58"
1,"Hitch, especialista en ligues (2005)","31 de enero de 2014, 14:58"
1,xXx2: Estado de emergencia (2005),"31 de enero de 2014, 14:58"
1,Hostel (2005),"31 de enero de 2014, 14:58"
1,Pisando fuerte (2004),"31 de enero de 2014, 14:57"
1,La pasión de Cristo (2004),"31 de enero de 2014, 14:57"
1,Cálico Electrónico (2004),"31 de enero de 2014, 14:57"
1,El bosque (2004),"31 de enero de 2014, 14:57"
1,Spider-Man 2 (2004),"31 de enero de 2014, 14:57"
1,Matrix Revolutions (2003),"31 de enero de 2014, 14:57"
1,X-Men 2 (2003),"31 de enero de 2014, 14:57"
1,Digimon Adventure (1999),"31 de enero de 2014, 14:57"
1,Tarzán (1999),"31 de enero de 2014, 14:57"
1,Little Nicky (2000),"31 de enero de 2014, 14:57"
1,El emperador y sus locuras (2000),"31 de enero de 2014, 14:57"
1,El cor de la ciutat (2000),"31 de enero de 2014, 14:57"
1,Ocean's Eleven (Hagan Juego) (2001),"31 de enero de 2014, 14:56"
1,American Psycho 2 (2002),"31 de enero de 2014, 14:56"
1,"Jackass, la película (2002)","31 de enero de 2014, 14:56"
1,Riesgo extremo (2002),"31 de enero de 2014, 14:56"
1,El imperio del fuego (2002),"31 de enero de 2014, 14:56"
1,Star Wars. Episodio II: El ataque de los clones (2002),"31 de enero de 2014, 14:56"
1,Muere otro día (2002),"31 de enero de 2014, 14:56"
1,Showtime (2002),"31 de enero de 2014, 14:56"
1,Dragonfly (La sombra de la libélula) (2002),"31 de enero de 2014, 14:56"
1,Los Lunnis (2003),"31 de enero de 2014, 14:56"
1,Johnny English (2003),"31 de enero de 2014, 14:56"
1,El monje (2003),"31 de enero de 2014, 14:56"
1,Hulk (2003),"31 de enero de 2014, 14:56"
1,Piratas del Caribe: La maldición de la Perla Negra (2003),"31 de enero de 2014, 14:56"
1,Matrix Reloaded (2003),"31 de enero de 2014, 14:56"
1,La momia (1999),"31 de enero de 2014, 14:55"
1,Los misterios de Archie (1999),"31 de enero de 2014, 14:55"
1,"Sakura, cazadora de cartas (1998)","31 de enero de 2014, 14:55"
1,Antz (Hormigaz) (1998),"31 de enero de 2014, 14:55"
1,Jack Frost (1998),"31 de enero de 2014, 14:55"
1,El príncipe de Egipto (1998),"31 de enero de 2014, 14:55"
1,Blade (1998),"31 de enero de 2014, 14:55"
1,Las Supernenas (1998),"31 de enero de 2014, 14:55"
1,Batman y Robin (1997),"31 de enero de 2014, 14:55"
1,Anaconda (1997),"31 de enero de 2014, 14:55"
1,Extreme Dinosaurs (1997),"31 de enero de 2014, 14:55"
1,"Buffy, cazavampiros (1997)","31 de enero de 2014, 14:55"
1,Alerta Cobra (1996),"31 de enero de 2014, 14:55"
1,El laboratorio de Dexter (1996),"31 de enero de 2014, 14:55"
1,Las tres mellizas (1995),"31 de enero de 2014, 14:55"
1,"Sylvan, el poder de la magia (1995)","31 de enero de 2014, 14:55"
1,Pocahontas (1995),"31 de enero de 2014, 14:55"
1,Pesadillas de R.L. Stine (1995),"31 de enero de 2014, 14:54"
1,Don Juan DeMarco (1994),"31 de enero de 2014, 14:54"
1,"Rex, un policía diferente (1994)","31 de enero de 2014, 14:54"
1,Walker Texas Ranger (1993),"31 de enero de 2014, 14:54"
1,Daniel el travieso (1993),"31 de enero de 2014, 14:54"
1,Robocop 3 (1993),"31 de enero de 2014, 14:54"
1,Shin Chan (1992),"31 de enero de 2014, 14:54"
1,"Rugrats, aventuras en pañales (1991)","31 de enero de 2014, 14:54"
1,Hook (El capitán Garfio) (1991),"31 de enero de 2014, 14:54"
1,Tortugas Ninja (1990),"31 de enero de 2014, 14:54"
1,RoboCop 2 (1990),"31 de enero de 2014, 14:54"
1,La sirenita (1989),"31 de enero de 2014, 14:54"
1,Los vigilantes de la playa (1989),"31 de enero de 2014, 14:54"
1,"Denver, el último dinosaurio (1988)","31 de enero de 2014, 14:54"
1,Seabert (1984),"31 de enero de 2014, 14:54"
1,Inspector Gadget (1983),"31 de enero de 2014, 14:53"
1,El coche fantástico (1982),"31 de enero de 2014, 14:53"
1,"Marco, de los Apeninos a los Andes (1976)","31 de enero de 2014, 14:53"
1,Heidi (1974),"31 de enero de 2014, 14:53"
1,Plan 9 del espacio exterior (1959),"31 de enero de 2014, 14:53"
1,Ejecución de un elefante (1903),"31 de enero de 2014, 14:53"
1,Dos tontos muy tontos (1994),"31 de enero de 2014, 14:52"
1,Los gemelos golpean dos veces (1988),"31 de enero de 2014, 14:50"
1,Karate Kid II: La historia continúa (1986),"31 de enero de 2014, 14:50"
1,Daniel el travieso (1986),"31 de enero de 2014, 14:50"
1,Calimero (1974),"31 de enero de 2014, 14:49"
1,Dos chicas sin blanca (2011),"31 de enero de 2014, 14:46"
1,X-Men Orígenes: Lobezno (2009),"27 de abril de 2013, 05:34"
1,Algo pasa con Mary (1998),"20 de febrero de 2013, 15:54"
1,Sin salida (2011),"1 de octubre de 2012, 11:15"
1,La saga Crepúsculo: Amanecer - Parte 1 (2011),"6 de enero de 2012, 12:56"
1,Sólo el más fuerte (1993),"14 de octubre de 2011, 17:30"
1,Paranormal Activity 2 (2010),"9 de octubre de 2011, 18:29"
1,Paranormal Activity (2007),"9 de octubre de 2011, 15:38"
1,San Valentín sangriento 3-D (2009),"11 de junio de 2011, 15:40"
1,Cazatesoros (1999),"1 de junio de 2011, 10:17"
1,Sleep (1963),"27 de mayo de 2011, 12:35"
1,Empire (1964),"27 de mayo de 2011, 12:35"
1,Torrente 4: Lethal Crisis (Crisis Letal) (2011),"21 de mayo de 2011, 14:56"
1,San Valentín sangriento (1981),"17 de mayo de 2011, 23:56"
1,Power Rangers: Dino Trueno (2004),"9 de mayo de 2011, 23:03"
1,Power Rangers a la velocidad de la luz (2000),"9 de mayo de 2011, 23:03"
1,Power Rangers: La galaxia perdida (1999),"9 de mayo de 2011, 23:03"
1,Power Rangers en el espacio (1998),"9 de mayo de 2011, 23:02"
1,Power Rangers: Fuerza del tiempo (2001),"9 de mayo de 2011, 22:57"
1,Power Rangers: Fuerza salvaje (2002),"9 de mayo de 2011, 22:57"
1,Power Rangers: Tormenta ninja (2003),"9 de mayo de 2011, 22:57"
1,Power Rangers Zeo (1996),"9 de mayo de 2011, 22:57"
1,Power Rangers Turbo (1996),"9 de mayo de 2011, 22:56"
1,Turbo Power Rangers (1997),"9 de mayo de 2011, 22:56"
1,Power Rangers: Super Patrulla Delta (2005),"9 de mayo de 2011, 22:56"
1,Power Rangers: la película (1995),"9 de mayo de 2011, 22:56"
1,Power Rangers (1993),"9 de mayo de 2011, 22:55"
1,Una pandilla de altura (2002),"9 de mayo de 2011, 22:49"
1,Inspector Gadget (1999),"9 de mayo de 2011, 22:30"
1,Una noche con Amenábar (2006),"4 de mayo de 2011, 18:51"
1,Cirugía (2006),"4 de mayo de 2011, 18:47"
1,Sinceridad (2011),"4 de mayo de 2011, 18:44"
1,VIH (2009),"4 de mayo de 2011, 15:46"
1,Happy Tree Friends (1999),"24 de abril de 2011, 22:55"
1,El show de Cleveland (2009),"24 de abril de 2011, 22:49"
1,Bienvenidos a Zombieland (2009),"23 de abril de 2011, 23:53"
1,La vuelta al mundo en 80 días (2004),"22 de abril de 2011, 23:35"
1,George de la jungla (1997),"21 de abril de 2011, 01:43"
1,La niñera (2007),"9 de abril de 2011, 23:03"
1,A Serbian Film (2010),"9 de abril de 2011, 22:30"
1,La Rosa de Versalles (1979),"17 de marzo de 2011, 17:11"
1,La jungla 4.0 (2007),"12 de febrero de 2011, 16:56"
1,Scooby Doo (Scooby-Doo) (2002),"31 de enero de 2011, 20:44"
1,Bananas en pijamas (1992),"30 de enero de 2011, 22:53"
1,Disaster Movie (2008),"25 de enero de 2011, 22:09"
1,Astérix y Obélix: Misión Cleopatra (2002),"18 de enero de 2011, 16:39"
1,Resident Evil 4: Ultratumba (2010),"18 de enero de 2011, 15:11"
1,Santos (2008),"15 de enero de 2011, 01:13"
1,Delfy y sus amigos (1992),"15 de enero de 2011, 01:06"
1,Sailor Moon (1992),"15 de enero de 2011, 01:06"
1,El mentalista (2008),"29 de diciembre de 2010, 23:48"
1,Scary Movie (2000),"12 de diciembre de 2010, 01:49"
1,Sé lo que hicisteis el último verano (1997),"10 de octubre de 2010, 14:38"
1,Ghost Rider. El motorista fantasma (2007),"26 de septiembre de 2010, 03:08"
1,El internado (2004),"26 de septiembre de 2010, 03:00"
1,Cadena de favores (2000),"26 de septiembre de 2010, 02:59"
1,Aún sé lo que hicisteis el último verano (1998),"26 de septiembre de 2010, 02:51"
1,Teletubbies (1997),"26 de septiembre de 2010, 02:48"
1,Casi 300 (2008),"26 de septiembre de 2010, 02:11"
1,El laberinto del fauno (2006),"19 de septiembre de 2010, 03:01"
1,Bailar en la oscuridad (2000),"19 de septiembre de 2010, 03:00"
1,Padre de familia (1999),"19 de septiembre de 2010, 02:57"
1,La boda de Muriel (1994),"29 de agosto de 2010, 21:23"
1,Pacific Blue (1996),"29 de agosto de 2010, 16:12"
1,Pesadilla en Elm Street (El origen) (2010),"25 de agosto de 2010, 01:59"
